交易日,證券代號,成交股數,成交筆數,成交金額,開盤價,最高價,最低價,收盤價,漲跌價差,最後揭示買價,最後揭示買量,最後揭示賣價,最後揭示賣量,本益比
20200107,0050,6328602,4116,607425541,96.45,96.7,95.4,96.1,0.3,96.1,6,96.15,548,0.0
20200107,0051,16583,18,578538,34.99,35.04,34.7,34.72,0.38,34.72,1,34.8,1,0.0
20200107,0052,180844,85,13227546,72.1,79.25,71.0,71.8,0.25,71.6,1,71.8,3,0.0
20200107,0053,13000,11,542220,41.93,41.93,41.45,41.7,0.34,41.45,5,41.7,1,0.0
20200107,0054,5003,5,122402,24.6,24.6,24.36,24.36,0.45,24.35,1,24.46,5,0.0
20200107,0055,57000,25,1079450,18.94,18.96,18.9,18.92,0.01,18.88,51,18.92,35,0.0
20200107,0056,28160121,11758,806477281,28.95,28.96,28.48,28.69,0.27,28.69,41,28.7,145,0.0
20200107,0057,28000,10,1696750,61.2,61.2,60.5,60.55,0.7,60.4,21,60.8,1,0.0
20200107,0061,903274,201,17063512,18.9,18.93,18.85,18.9,0.01,18.89,1,18.9,3,0.0
20200107,006203,0,0,0,,,,,0.0,44.6,3,44.98,7,0.0
20200107,006204,43159,10,2555262,59.45,59.45,59.1,59.2,0.4,59.1,1,59.25,50,0.0
20200107,006205,2722804,302,87284315,32.15,32.2,31.99,32.08,0.11,32.08,94,32.09,53,0.0
20200107,006206,222885,82,7504028,33.7,33.75,33.52,33.66,0.07,33.66,67,33.7,4,0.0
20200107,006207,2068261,341,51115668,24.82,24.82,24.59,24.74,0.03,24.73,15,24.74,50,0.0
20200107,006208,883763,524,46991989,53.5,53.6,52.9,53.25,0.4,53.2,19,53.25,8,0.0
20200107,00625K,50000,2,372000,7.44,7.44,7.44,7.44,0.06,7.33,5,7.49,5,0.0
20200107,00631L,2368060,1007,124051346,53.3,53.35,51.8,52.4,0.75,52.4,137,52.45,3,0.0
20200107,00632R,60680966,6018,612662324,10.01,10.15,10.0,10.09,0.05,10.09,3525,10.1,311,0.0
20200107,00633L,10329301,1613,521982029,50.55,50.95,50.3,50.55,0.1,50.55,119,50.6,26,0.0
20200107,00634R,619000,57,3486130,5.63,5.65,5.61,5.63,0.0,5.62,50,5.63,92,0.0
20200107,00635U,2808379,908,62748240,22.47,22.47,22.28,22.36,0.25,22.36,41,22.37,99,0.0
20200107,00636,1515246,348,33849792,22.33,22.4,22.25,22.35,0.0,22.35,297,22.36,7,0.0
20200107,00636K,100,1,743,7.43,7.43,7.43,7.43,0.06,7.42,11,7.46,11,0.0
20200107,00637L,85787509,5833,1669038490,19.41,19.58,19.36,19.45,0.02,19.45,281,19.46,224,0.0
20200107,00638R,323000,48,3657100,11.32,11.35,11.29,11.32,0.01,11.31,28,11.32,49,0.0
20200107,00639,2169627,383,25060142,11.53,11.58,11.5,11.56,0.02,11.56,301,11.57,18,0.0
20200107,00640L,738000,138,16681760,22.49,22.73,22.49,22.72,0.71,22.72,7,22.73,2,0.0
20200107,00641R,1030000,70,13944690,13.52,13.56,13.51,13.54,0.22,13.53,1,13.54,47,0.0
20200107,00642U,2534430,1028,46418525,18.41,18.42,18.21,18.27,0.56,18.26,4,18.27,315,0.0
20200107,00643,1619370,401,21941070,13.51,13.6,13.47,13.58,0.0,13.57,80,13.58,13,0.0
20200107,00643K,0,0,0,,,,,0.0,3.14,10,3.21,2,0.0
20200107,00645,338851,101,7546145,22.25,22.32,22.23,22.28,0.38,22.28,49,22.29,9,0.0
20200107,00646,542303,163,16114278,29.64,29.74,29.64,29.73,0.23,29.71,36,29.73,10,0.0
20200107,00647L,12000,10,510890,42.51,42.63,42.51,42.63,0.58,42.6,50,42.72,1,0.0
20200107,00648R,491272,115,5374859,10.95,10.95,10.92,10.94,0.06,10.93,21,10.94,346,0.0
20200107,00650L,805000,172,25069340,31.06,31.31,30.99,31.09,0.1,31.09,58,31.11,1,0.0
20200107,00651R,205000,35,1624450,7.97,7.97,7.9,7.95,0.02,7.94,1,7.95,111,0.0
20200107,00652,86416,31,2040734,23.56,23.7,23.56,23.67,0.05,23.66,5,23.67,29,0.0
20200107,00653L,213000,83,6328570,29.63,29.93,29.57,29.82,0.19,29.82,1,29.84,53,0.0
20200107,00654R,49000,16,644720,13.17,13.17,13.1,13.15,0.04,13.1,2,13.15,5,0.0
20200107,00655L,4470329,986,164567323,36.78,37.1,36.62,36.86,0.01,36.86,405,36.87,9,0.0
20200107,00656R,67000,12,691700,10.33,10.35,10.3,10.34,0.02,10.31,100,10.32,100,0.0
20200107,00657,108000,9,3154360,29.15,29.21,29.08,29.21,0.29,29.22,50,29.28,20,0.0
20200107,00657K,100,1,972,9.72,9.72,9.72,9.72,0.14,9.67,11,9.79,24,0.0
20200107,00658L,9000,5,347550,38.55,38.72,38.55,38.72,0.98,38.74,42,38.8,5,0.0
20200107,00659R,43000,10,473690,11.03,11.03,10.99,10.99,0.13,10.97,50,11.0,15,0.0
20200107,00660,6000,6,159680,26.54,26.74,26.54,26.56,0.02,26.58,11,26.72,12,0.0
20200107,00661,0,0,0,,,,,0.0,29.91,100,29.99,2,0.0
20200107,00662,221376,58,7548104,34.07,34.13,34.01,34.12,0.37,34.08,19,34.12,17,0.0
20200107,00663L,28100,16,1310940,47.47,47.47,46.18,46.83,0.47,46.67,180,46.72,150,0.0
20200107,00664R,1888000,362,21700200,11.41,11.55,11.4,11.48,0.05,11.48,1419,11.49,87,0.0
20200107,00665L,96000,32,2729650,28.37,28.6,28.12,28.39,0.02,28.39,6,28.45,93,0.0
20200107,00666R,81000,3,1010070,12.47,12.47,12.47,12.47,0.03,12.46,40,12.5,40,0.0
20200107,00668,26000,11,808800,31.05,31.13,31.05,31.13,0.19,31.11,23,31.14,40,0.0
20200107,00668K,100,1,1035,10.35,10.35,10.35,10.35,0.08,10.31,4,10.39,4,0.0
20200107,00669R,4248500,434,48282620,11.36,11.38,11.34,11.36,0.08,11.35,310,11.36,659,0.0
20200107,00670L,244000,66,10907710,44.59,44.8,44.57,44.73,0.99,44.73,6,44.74,13,0.0
20200107,00671R,1064000,121,11456340,10.78,10.78,10.75,10.77,0.11,10.76,24,10.77,376,0.0
20200107,00672L,53152828,9711,953685804,18.1,18.14,17.71,17.86,1.08,17.85,311,17.86,3026,0.0
20200107,00673R,23965000,3410,308106190,12.8,12.93,12.79,12.91,0.39,12.9,299,12.91,2748,0.0
20200107,00674R,235000,73,3778290,16.0,16.13,16.0,16.09,0.17,16.08,16,16.09,44,0.0
20200107,00675L,250000,74,5039630,20.59,20.59,20.01,20.25,0.22,20.2,200,20.25,198,0.0
20200107,00676R,1411000,223,8793070,6.17,6.27,6.17,6.22,0.02,6.22,796,6.23,20,0.0
20200107,00677U,122240400,6429,353291498,2.9,2.92,2.87,2.88,0.12,2.87,3683,2.88,549,0.0
20200107,00678,356299,30,8236257,23.0,23.15,23.0,23.15,0.04,23.1,1,23.15,3,0.0
20200107,00680L,255000,72,6123280,24.05,24.05,23.97,23.98,0.47,23.98,1,24.0,11,0.0
20200107,00681R,16000,6,252090,15.74,15.76,15.74,15.76,0.14,15.76,11,15.79,1,0.0
20200107,00682U,44000,6,843680,19.28,19.28,19.16,19.16,0.13,19.17,1,19.28,10,0.0
20200107,00683L,76000,15,1449600,19.13,19.13,19.0,19.13,0.07,19.04,22,19.13,5,0.0
20200107,00684R,41000,3,766700,18.7,18.7,18.7,18.7,0.05,18.68,1,18.78,1,0.0
20200107,00685L,40000,31,715460,18.23,18.23,17.68,17.95,0.21,17.84,10,17.92,1,0.0
20200107,00686R,145000,20,984300,6.75,6.83,6.75,6.8,0.04,6.79,1200,6.8,1198,0.0
20200107,00688L,119000,18,2888850,24.35,24.35,24.26,24.29,0.48,24.26,3,24.29,45,0.0
20200107,00689R,106000,5,1710440,16.07,16.14,16.07,16.14,0.13,16.09,24,16.16,1,0.0
20200107,00690,204007,58,4871403,24.13,24.13,23.79,23.91,0.12,23.9,1,23.91,2,0.0
20200107,00691R,0,0,0,,,,,0.0,13.68,10,13.79,110,0.0
20200107,00692,4066972,1622,97022318,24.0,24.02,23.75,23.89,0.11,23.88,41,23.89,61,0.0
20200107,00693U,341000,100,5280680,15.47,15.5,15.47,15.5,0.1,15.48,179,15.5,13,0.0
20200107,00700,107886,11,2268806,20.91,21.12,20.91,21.05,0.0,21.01,50,21.05,4,0.0
20200107,00701,420845,115,9932136,23.66,23.66,23.56,23.6,0.04,23.59,102,23.64,70,0.0
20200107,00702,6000,6,128980,21.51,21.51,21.45,21.51,0.15,21.45,105,21.51,1,0.0
20200107,00703,365000,61,7879790,21.59,21.61,21.5,21.61,0.02,21.58,2,21.61,20,0.0
20200107,00706L,60000,14,1054600,17.59,17.59,17.56,17.56,0.15,17.56,3,17.61,60,0.0
20200107,00707R,41000,3,813850,19.85,19.85,19.85,19.85,0.1,19.79,10,19.86,10,0.0
20200107,00708L,9595000,2006,227084690,23.8,23.81,23.51,23.7,0.49,23.69,67,23.7,250,0.0
20200107,00709,103243,8,2208505,21.45,21.45,21.39,21.4,0.05,21.36,2,21.4,9,0.0
20200107,00710B,363000,103,7343710,20.22,20.25,20.2,20.24,0.03,20.23,38,20.24,58,0.0
20200107,00711B,46000,12,1020880,22.19,22.21,22.19,22.19,0.05,22.19,14,22.2,22,0.0
20200107,00712,110000,23,1998200,18.14,18.2,18.14,18.2,0.06,18.17,39,18.2,39,0.0
20200107,00713,179090,124,5708270,31.97,31.99,31.75,31.84,0.15,31.85,1,31.88,4,0.0
20200107,00714,4000,2,88480,22.12,22.12,22.12,22.12,0.05,22.11,20,22.19,50,0.0
20200107,00715L,47000,36,1221320,26.32,26.32,25.75,25.8,1.7,25.8,3,25.91,20,0.0
20200107,00717,1006542,270,19856993,19.73,19.74,19.72,19.73,0.01,19.72,19,19.73,30,0.0
20200107,00728,925000,216,19940540,21.8,21.8,21.46,21.6,0.18,21.59,4,21.6,23,0.0
20200107,00730,421097,183,7704130,18.38,18.4,18.26,18.29,0.09,18.28,11,18.29,4,0.0
20200107,00731,338000,42,16299250,48.34,48.34,48.13,48.29,0.05,48.28,45,48.29,45,0.0
20200107,00732,100000,2,3866000,38.66,38.66,38.66,38.66,0.08,38.62,11,38.66,15,0.0
20200107,00733,254059,45,5239043,21.01,21.01,20.5,20.61,0.57,20.61,7,20.69,10,0.0
20200107,00735,106125,9,2274872,21.57,21.65,21.43,21.51,0.06,21.44,35,21.51,22,0.0
20200107,00736,191000,17,3978690,20.84,20.86,20.78,20.86,0.05,20.85,1,20.86,1,0.0
20200107,00737,1285184,164,29303382,22.73,22.83,22.72,22.82,0.09,22.81,1,22.82,2,0.0
20200107,00738U,2182000,534,44185470,20.39,20.39,20.17,20.26,0.48,20.25,349,20.26,4,0.0
20200107,00739,893652,152,19652716,22.0,22.04,21.9,22.0,0.0,21.99,114,22.01,15,0.0
20200107,00742,4000,4,83200,20.85,20.85,20.78,20.78,0.07,20.78,3,20.84,23,0.0
20200107,00743,213389,39,4721228,22.15,22.24,22.06,22.18,0.15,22.18,38,22.2,7,0.0
20200107,00752,600000,315,14855560,24.7,24.8,24.7,24.77,0.06,24.76,6,24.77,31,0.0
20200107,00753L,140000,118,4002080,28.42,28.74,28.42,28.57,0.15,28.57,9,28.6,12,0.0
20200107,00757,215010,14,5143010,23.87,23.93,23.87,23.93,0.43,23.9,5,23.93,6,0.0
20200107,00762,254000,81,6607210,25.92,26.05,25.92,26.03,0.11,26.03,4,26.04,50,0.0
20200107,00763U,1000,1,19380,19.38,19.38,19.38,19.38,0.17,19.31,1,19.38,24,0.0
20200107,00766L,299000,38,3424970,11.42,11.5,11.4,11.44,0.01,11.44,17,11.45,30,0.0
20200107,00767,100000,6,2364000,23.64,23.64,23.64,23.64,0.04,23.59,10,23.65,10,0.0
20200107,00770,72000,7,1845710,25.64,25.65,25.63,25.65,0.34,25.63,75,25.67,50,0.0
20200107,00771,152000,45,3125740,20.6,20.61,20.53,20.57,0.01,20.57,9,20.58,2,0.0
20200107,00774B,2000,2,78700,39.35,39.35,39.35,39.35,0.03,39.36,25,39.47,1,0.0
20200107,00774C,0,0,0,,,,,0.0,9.09,25,9.13,10,0.0
20200107,00775B,2000,2,90420,45.21,45.21,45.21,45.21,0.54,45.16,25,45.28,5,0.0
20200107,00776,0,0,0,,,,,0.0,22.8,25,22.87,10,0.0
20200107,00783,1394299,148,26289571,18.79,18.88,18.78,18.88,0.07,18.87,90,18.88,24,0.0
20200107,008201,3300,8,358790,108.65,109.7,108.6,109.5,0.5,108.65,10,109.5,4,0.0
20200107,00830,438894,115,7696495,17.48,17.59,17.48,17.58,0.03,17.58,1,17.59,31,0.0
20200107,00850,6047935,3208,140723349,23.4,23.43,23.17,23.27,0.13,23.27,44,23.28,101,0.0
20200107,00851,131000,22,2819130,21.5,21.54,21.5,21.54,0.17,21.5,6,21.53,60,0.0
20200107,00852L,354226,46,6273091,17.71,17.75,17.69,17.75,0.24,17.73,261,17.75,45,0.0
20200107,00861,9108651,1962,185285623,20.35,20.38,20.31,20.34,0.04,20.33,467,20.34,26,0.0
20200107,00865B,49000,18,1931680,39.42,39.44,39.41,39.42,0.02,39.42,193,39.45,7,0.0
20200107,00866,185000,44,3723540,20.09,20.15,20.09,20.14,0.21,20.12,30,20.13,2,0.0
20200107,01001T,20000,7,323500,16.18,16.18,16.17,16.17,0.02,16.17,5,16.19,4,0.0
20200107,01002T,289988,134,5133666,17.66,17.71,17.66,17.71,0.0,17.69,3,17.71,21,0.0
20200107,01003T,16333000,17,301957620,17.86,17.9,17.85,17.9,0.03,17.9,36,17.91,70,0.0
20200107,01004T,19000,5,262940,13.83,13.84,13.83,13.84,0.0,13.84,83,13.85,10,0.0
20200107,01007T,16000,5,275520,17.22,17.22,17.22,17.22,0.03,17.17,22,17.22,7,0.0
20200107,01009T,226000,19,2191500,9.7,9.7,9.69,9.69,0.01,9.69,30,9.73,4,0.0
20200107,01010T,711000,36,7287810,10.25,10.26,10.23,10.25,0.03,10.23,120,10.27,17,0.0
20200107,020000,531000,71,2954500,5.59,5.6,5.52,5.56,0.06,5.55,102,5.56,100,0.0
20200107,020002,0,0,0,,,,,0.0,15.13,300,15.15,300,0.0
20200107,020004,1000,1,23050,23.05,23.05,23.05,23.05,0.25,23.01,499,23.02,449,0.0
20200107,020005,0,0,0,,,,,0.0,22.6,499,22.62,499,0.0
20200107,020006,0,0,0,,,,,0.0,21.78,311,21.79,327,0.0
20200107,020007,0,0,0,,,,,0.0,22.4,236,22.43,211,0.0
20200107,020008,94000,36,984100,10.49,10.49,10.46,10.47,0.03,10.46,104,10.47,100,0.0
20200107,020011,13000,4,66380,5.12,5.12,5.1,5.1,0.03,5.1,388,5.11,388,0.0
20200107,020012,8016000,878,39932600,5.04,5.04,4.94,4.96,0.06,4.96,68,4.97,106,0.0
20200107,1101,14185347,4739,616059913,43.45,43.6,43.2,43.6,0.15,43.55,56,43.65,497,10.74
20200107,1101B,14200,13,761420,53.5,53.9,53.5,53.9,0.5,53.5,34,53.9,6,0.0
20200107,1102,8580403,3585,413615684,48.15,48.5,47.85,48.35,0.05,48.35,16,48.4,23,10.65
20200107,1103,2878871,1102,63075322,21.7,22.15,21.6,21.95,0.35,21.95,18,22.0,79,10.87
20200107,1104,337906,194,6486744,19.25,19.3,19.1,19.2,0.05,19.2,1,19.25,8,12.55
20200107,1108,77608,46,639534,8.29,8.3,8.2,8.23,0.02,8.23,2,8.25,1,0.0
20200107,1109,611254,333,12392488,20.5,20.5,20.1,20.4,0.15,20.4,19,20.45,13,7.13
20200107,1110,144759,109,2504298,17.2,17.4,17.2,17.35,0.1,17.25,2,17.35,6,867.5
20200107,1201,944447,596,23271990,24.8,24.85,24.5,24.6,0.25,24.6,2,24.65,3,9.92
20200107,1203,61303,37,1662081,27.05,27.25,27.05,27.1,0.05,27.05,5,27.25,9,14.73
20200107,1210,3259757,2208,139520122,42.0,43.05,42.0,43.0,1.0,42.95,58,43.0,322,14.83
20200107,1213,14095,11,85912,6.29,6.29,6.0,6.16,0.17,6.03,1,6.15,2,0.0
20200107,1215,622220,376,40736520,65.1,65.8,64.9,65.6,0.6,65.5,27,65.6,79,14.02
20200107,1216,6383030,3114,468478384,73.7,74.0,73.1,73.4,0.5,73.4,56,73.5,7,22.18
20200107,1217,696226,272,4928573,7.11,7.11,7.05,7.1,0.01,7.08,214,7.1,64,44.38
20200107,1218,249608,162,5511226,22.05,22.2,22.0,22.1,0.05,22.05,2,22.1,2,19.73
20200107,1219,177773,63,3319977,18.75,18.75,18.5,18.7,0.05,18.6,1,18.7,18,69.26
20200107,1220,30006,23,318760,10.6,10.65,10.6,10.65,0.05,10.6,4,10.65,25,19.02
20200107,1225,161500,140,5466264,34.4,34.4,33.4,33.4,0.9,33.4,1,33.65,1,22.42
20200107,1227,1141497,843,78758693,68.2,69.6,68.1,69.2,1.0,69.1,6,69.2,12,19.55
20200107,1229,1024274,680,37691427,36.75,36.9,36.65,36.9,0.05,36.85,15,36.9,20,14.19
20200107,1231,198263,195,8140430,41.2,41.25,41.0,41.05,0.2,41.05,17,41.1,6,14.87
20200107,1232,66055,64,7939178,120.0,121.0,120.0,120.5,0.5,120.5,2,121.0,8,18.83
20200107,1233,13156,16,518215,39.55,39.6,39.25,39.4,0.15,39.3,1,39.4,8,22.64
20200107,1234,60241,38,1968617,32.65,32.75,32.65,32.65,0.0,32.6,12,32.7,23,16.24
20200107,1235,27366,28,600938,21.95,22.1,21.9,22.1,0.1,22.05,1,22.1,6,368.33
20200107,1236,10412,19,140809,13.6,13.6,13.45,13.5,0.05,13.45,20,13.55,3,84.38
20200107,1256,73709,123,16408607,223.0,224.5,221.0,222.5,1.5,222.0,5,222.5,2,14.47
20200107,1301,6945442,2555,704670642,101.5,102.0,101.0,101.5,0.5,101.5,46,102.0,1135,17.71
20200107,1303,3377914,1454,244993853,73.0,73.0,72.1,72.6,0.4,72.5,33,72.6,74,24.78
20200107,1304,1430061,585,20032688,14.15,14.15,13.9,14.0,0.1,13.95,55,14.0,44,16.67
20200107,1305,2011027,1107,43533171,22.1,22.1,21.4,21.6,0.4,21.6,64,21.7,40,22.04
20200107,1307,92803,71,2177289,23.45,23.65,23.4,23.4,0.05,23.4,3,23.5,2,22.72
20200107,1308,478155,253,7504812,15.8,15.8,15.6,15.65,0.15,15.65,2,15.7,1,15.19
20200107,1309,1636452,498,18583981,11.55,11.6,11.25,11.3,0.25,11.3,62,11.35,32,26.9
20200107,1310,1066727,519,22416321,21.25,21.25,20.85,21.0,0.2,20.95,2,21.0,9,12.28
20200107,1312,7764720,2642,146119332,19.05,19.05,18.65,18.75,0.3,18.75,181,18.8,104,8.64
20200107,1312A,4000,3,136700,34.1,34.4,34.1,34.4,0.0,34.05,3,34.35,3,0.0
20200107,1313,2659141,982,29700256,11.35,11.35,11.05,11.15,0.2,11.1,254,11.15,15,0.0
20200107,1314,49007483,9027,452839244,9.2,9.34,9.16,9.24,0.12,9.23,377,9.24,689,18.12
20200107,1315,336901,255,15790566,47.4,47.5,46.5,47.1,0.5,47.0,1,47.1,5,12.83
20200107,1316,674301,258,9206258,13.85,13.85,13.55,13.65,0.1,13.6,108,13.65,40,0.0
20200107,1319,636888,468,29226134,45.6,46.3,45.5,46.3,0.8,46.05,19,46.3,3,13.95
20200107,1321,749000,376,27988650,38.0,38.0,37.05,37.7,0.3,37.55,2,37.75,3,251.33
20200107,1323,204004,115,6869634,33.95,33.95,33.5,33.5,0.5,33.5,9,33.7,4,10.24
20200107,1324,44004,43,427086,9.69,9.78,9.68,9.75,0.06,9.7,1,9.75,2,0.0
20200107,1325,1461600,691,26149728,18.1,18.15,17.7,18.05,0.4,18.05,19,18.1,7,36.1
20200107,1326,5356849,2916,469982811,88.8,88.9,87.3,87.4,1.1,87.3,327,87.4,13,17.73
20200107,1337,287559,111,1715834,6.02,6.02,5.95,5.95,0.05,5.95,20,5.97,41,0.0
20200107,1338,169001,133,11038966,65.6,65.9,64.9,65.1,0.9,65.1,3,65.2,1,14.47
20200107,1339,1267170,852,68897164,54.1,55.2,53.5,54.4,0.4,54.3,43,54.5,2,11.1
20200107,1340,178750,118,2815597,15.8,15.9,15.65,15.8,0.05,15.8,3,15.85,7,0.0
20200107,1341,11001,9,660559,59.9,60.2,59.9,60.0,1.3,59.5,1,60.0,5,11.01
20200107,1402,5105297,1967,150230333,29.55,29.6,29.35,29.4,0.15,29.4,86,29.5,3,16.33
20200107,1409,1866351,622,22330934,12.05,12.05,11.9,11.95,0.1,11.95,64,12.0,14,9.56
20200107,1410,16200,17,520653,32.1,32.35,32.1,32.3,0.2,32.15,2,32.3,3,25.84
20200107,1413,114143,43,1073477,9.45,9.45,9.33,9.43,0.02,9.35,20,9.43,8,8.5
20200107,1414,173989,75,1259389,7.28,7.28,7.2,7.22,0.08,7.22,6,7.25,6,0.0
20200107,1416,100470,54,1353843,13.4,13.5,13.4,13.5,0.15,13.4,9,13.5,14,15.52
20200107,1417,1031451,206,10305226,10.0,10.05,9.98,10.0,0.0,9.99,52,10.0,44,0.0
20200107,1418,1424,3,8776,6.28,6.28,6.28,6.28,0.0,6.02,3,6.23,1,0.0
20200107,1419,54120,35,2270986,41.2,43.2,41.2,42.75,1.35,42.0,1,42.5,2,34.76
20200107,1423,128988,42,1332674,10.35,10.4,10.3,10.4,0.05,10.3,19,10.4,41,0.0
20200107,1432,54068,28,363929,6.77,6.77,6.7,6.74,0.01,6.72,2,6.74,2,0.0
20200107,1434,873780,472,29871061,34.05,34.25,34.05,34.25,0.05,34.2,30,34.25,28,16.87
20200107,1435,260004,97,1918929,7.36,7.4,7.34,7.35,0.02,7.35,2,7.4,19,367.5
20200107,1436,590930,429,24858230,40.95,43.3,40.95,41.85,0.9,41.85,4,42.15,1,26.32
20200107,1437,427500,194,10224000,24.15,24.25,23.65,23.9,0.2,23.9,1,23.95,10,5.66
20200107,1438,4000,2,53000,13.25,13.25,13.25,13.25,0.0,12.9,2,13.25,13,0.0
20200107,1439,215000,118,6792200,31.5,31.95,31.45,31.55,0.1,31.5,11,31.7,2,3.26
20200107,1440,526043,301,5516700,10.5,10.55,10.45,10.5,0.05,10.5,37,10.55,160,0.0
20200107,1441,440101,184,3888769,8.78,9.0,8.7,8.79,0.02,8.79,6,8.81,1,0.0
20200107,1442,479809,224,9186321,19.3,19.35,19.05,19.15,0.15,19.1,32,19.15,2,73.65
20200107,1443,98000,24,946440,9.69,9.69,9.6,9.6,0.07,9.6,10,9.67,9,0.0
20200107,1444,1390298,541,13218375,9.41,9.61,9.41,9.46,0.05,9.45,7,9.48,10,27.03
20200107,1445,60334,31,433263,7.17,7.2,7.17,7.2,0.04,7.17,6,7.19,1,0.0
20200107,1446,196000,135,7454800,38.1,38.35,37.75,37.75,0.35,37.75,11,37.8,3,0.0
20200107,1447,487160,235,3378739,6.99,6.99,6.92,6.92,0.02,6.92,12,6.94,7,0.0
20200107,1449,374545,162,4385017,11.75,11.95,11.5,11.6,0.2,11.6,29,11.65,3,0.0
20200107,1451,173193,126,3642103,21.05,21.15,21.0,21.0,0.15,21.0,13,21.1,12,38.89
20200107,1452,130180,95,2392028,18.5,18.5,18.3,18.4,0.05,18.35,19,18.4,2,14.49
20200107,1453,59369,42,480496,8.08,8.12,8.06,8.06,0.02,8.05,1,8.08,1,0.0
20200107,1454,336058,115,2592211,7.74,7.86,7.67,7.72,0.09,7.68,24,7.72,1,32.17
20200107,1455,474145,159,3720602,7.89,7.9,7.81,7.86,0.03,7.85,197,7.87,42,0.0
20200107,1456,36934,24,434876,11.8,11.85,11.7,11.8,0.0,11.75,10,11.85,4,36.88
20200107,1457,293789,147,4183241,14.35,14.35,14.2,14.25,0.05,14.2,8,14.25,77,9.9
20200107,1459,43002,32,310333,7.29,7.29,7.2,7.25,0.05,7.21,2,7.24,5,0.0
20200107,1460,383687,213,3465379,9.07,9.08,9.01,9.02,0.08,9.02,2,9.03,1,0.0
20200107,1463,107512,58,1399281,13.0,13.1,12.95,13.0,0.0,13.0,10,13.05,6,15.12
20200107,1464,2654647,1455,70492024,26.55,26.8,26.3,26.4,0.35,26.4,51,26.5,31,21.64
20200107,1465,43480,23,659698,15.35,15.35,15.05,15.25,0.1,15.15,3,15.2,3,4.28
20200107,1466,85001,35,651597,7.58,7.7,7.58,7.7,0.08,7.63,3,7.7,30,0.0
20200107,1467,128000,48,1081440,8.51,8.51,8.41,8.45,0.02,8.43,3,8.46,4,40.24
20200107,1468,32000,26,322100,10.0,10.15,10.0,10.1,0.05,10.05,5,10.1,6,37.41
20200107,1470,20000,15,422650,20.75,21.25,20.75,21.1,0.0,21.1,1,22.8,1,22.93
20200107,1471,170830,53,451618,2.56,2.74,2.56,2.66,0.01,2.66,2,2.68,16,0.0
20200107,1472,27001,18,720876,26.5,26.9,26.5,26.55,0.05,26.55,2,26.8,1,15.62
20200107,1473,118150,93,2903989,24.8,24.85,24.05,24.65,0.15,24.6,5,24.65,8,19.56
20200107,1474,124000,29,1195430,9.62,9.68,9.61,9.68,0.06,9.65,17,9.67,1,40.33
20200107,1475,13049,11,55732,4.08,4.34,4.08,4.34,0.39,4.34,17,,0,0.0
20200107,1476,573155,508,234156662,409.0,414.0,405.0,407.5,1.5,407.5,13,409.5,4,25.37
20200107,1477,1973487,1459,307299722,152.5,157.0,152.5,155.0,2.0,155.0,53,156.0,33,18.15
20200107,1503,64005,66,2912272,45.65,45.7,45.35,45.4,0.3,45.4,1,45.7,17,15.13
20200107,1504,2729797,1638,72461171,26.7,26.7,26.45,26.6,0.05,26.55,127,26.6,282,15.83
20200107,1506,454074,94,6635823,14.7,14.7,14.4,14.6,0.1,14.35,3,14.6,28,0.0
20200107,1507,52002,52,3367528,64.7,64.9,64.5,64.9,0.2,64.3,1,64.9,3,32.45
20200107,1512,11001,6,43563,3.96,3.96,3.96,3.96,0.02,3.96,1,4.0,12,0.0
20200107,1513,4051241,1505,102564425,25.25,25.5,25.05,25.45,0.25,25.45,23,25.5,96,17.2
20200107,1514,2738339,1075,49676126,18.2,18.4,17.9,18.2,0.1,18.2,21,18.25,126,12.64
20200107,1515,527003,413,37047311,71.0,71.2,69.8,69.9,0.5,69.9,5,70.3,3,9.5
20200107,1516,121392,69,1915395,15.75,16.0,15.6,15.7,0.15,15.6,3,15.75,1,74.76
20200107,1517,29421,25,268006,9.1,9.14,9.09,9.14,0.04,9.14,2,9.15,4,457.0
20200107,1519,411330,223,11543390,28.15,28.25,27.85,28.05,0.2,28.05,22,28.1,2,19.34
20200107,1521,38087,34,2460111,65.0,65.0,64.4,64.6,0.2,64.5,1,64.6,4,12.89
20200107,1522,582341,383,16381063,28.35,28.55,27.9,27.9,0.4,27.9,36,27.95,4,12.35
20200107,1524,67003,49,666137,9.92,9.95,9.92,9.95,0.03,9.94,3,9.95,1,10.59
20200107,1525,8528,9,470762,55.2,55.8,55.0,55.8,0.1,55.3,2,56.0,2,11.55
20200107,1526,164250,114,3993537,24.6,24.7,24.1,24.15,0.15,24.15,5,24.2,2,15.28
20200107,1527,362100,264,17545888,48.55,48.65,48.35,48.6,0.1,48.6,1,48.65,11,7.28
20200107,1528,99611,56,909200,9.1,9.18,9.1,9.12,0.0,9.11,5,9.12,1,0.0
20200107,1529,155000,68,2628650,16.75,17.2,16.75,17.2,0.25,17.05,3,17.2,1,66.15
20200107,1530,96200,43,2943489,30.65,30.65,30.5,30.65,0.0,30.55,2,30.7,3,12.56
20200107,1531,92076,40,1388619,15.05,15.15,15.0,15.1,0.05,15.05,40,15.1,23,32.83
20200107,1532,286849,148,8754798,30.6,30.75,30.45,30.5,0.1,30.5,7,30.55,7,13.2
20200107,1533,91400,65,3363380,37.4,37.4,36.7,36.7,0.3,36.7,13,36.95,1,14.56
20200107,1535,68056,53,2401897,35.05,35.55,34.95,35.0,0.1,35.0,2,35.4,1,34.31
20200107,1536,6215696,4004,777235696,125.5,126.5,123.0,126.0,3.0,125.5,13,126.0,317,39.01
20200107,1537,138200,105,20450300,149.0,149.0,147.5,148.0,0.0,148.0,15,148.5,12,12.55
20200107,1538,34732,10,166737,4.81,4.81,4.8,4.8,0.0,4.62,2,4.79,8,0.0
20200107,1539,28000,22,560450,20.1,20.1,19.95,20.0,0.0,19.95,6,20.1,5,4.06
20200107,1540,194584,79,3755712,19.25,19.4,19.25,19.3,0.05,19.3,8,19.35,20,9.06
20200107,1541,36100,33,1316670,37.0,37.0,36.05,36.35,0.55,36.3,2,36.55,1,16.83
20200107,1558,33153,33,4384925,132.5,132.5,132.0,132.0,1.0,132.0,61,132.5,10,11.22
20200107,1560,449219,335,29932649,66.8,67.0,66.4,66.8,0.1,66.8,2,66.9,7,16.21
20200107,1568,80089,61,1530267,19.2,19.3,19.0,19.1,0.1,19.05,5,19.2,1,79.58
20200107,1582,563292,472,50368766,90.0,90.1,89.0,89.4,0.9,89.3,9,89.4,2,11.79
20200107,1583,45481,45,2757303,59.7,61.4,59.7,60.9,1.3,60.5,6,61.0,5,15.74
20200107,1587,138000,65,2066000,15.0,15.25,14.8,14.8,0.2,14.8,5,15.0,1,22.09
20200107,1589,1915000,947,114131500,61.7,61.7,58.8,59.1,2.2,59.1,10,59.2,2,0.0
20200107,1590,777993,743,346181892,454.5,457.0,438.5,445.0,7.0,445.0,2,445.5,2,32.62
20200107,1592,357261,230,5862856,16.8,16.9,16.25,16.4,0.25,16.3,1,16.4,7,0.0
20200107,1598,315000,185,12531350,39.85,40.2,39.2,39.9,0.05,39.9,8,39.95,4,17.27
20200107,1603,62682,34,1734751,27.75,27.9,27.45,27.55,0.2,27.5,1,27.75,5,26.75
20200107,1604,532394,232,10595566,19.85,20.0,19.8,20.0,0.0,19.9,1,20.0,276,10.0
20200107,1605,10172802,3027,152881880,15.2,15.25,14.9,15.0,0.15,15.0,187,15.05,48,14.42
20200107,1608,201967,119,1985906,9.82,9.9,9.8,9.83,0.01,9.81,8,9.83,11,42.74
20200107,1609,2632233,734,29663874,11.25,11.4,11.15,11.35,0.1,11.3,18,11.35,75,17.2
20200107,1611,492659,213,5418249,11.05,11.1,10.85,11.1,0.05,10.95,20,11.1,36,27.75
20200107,1612,240462,92,2607339,10.85,10.9,10.8,10.85,0.0,10.8,30,10.85,13,22.6
20200107,1614,94700,37,2953270,31.4,31.4,31.1,31.35,0.05,31.25,1,31.35,11,40.71
20200107,1615,32000,29,562550,17.55,17.7,17.5,17.6,0.1,17.5,51,17.65,4,10.35
20200107,1616,39000,19,186770,4.78,4.81,4.78,4.8,0.01,4.79,1,4.8,9,0.0
20200107,1617,57000,54,695800,12.25,12.25,12.2,12.25,0.05,12.2,11,12.25,9,14.58
20200107,1618,273303,61,2570997,9.43,9.46,9.37,9.45,0.02,9.43,5,9.45,25,0.0
20200107,1626,276859,177,7769981,28.35,28.5,27.75,28.35,0.0,28.2,1,28.35,3,8.51
20200107,1701,427626,184,8191236,19.25,19.25,19.1,19.15,0.05,19.1,31,19.15,1,15.83
20200107,1702,279351,206,14143665,50.9,51.0,50.4,50.7,0.2,50.5,2,50.7,18,13.1
20200107,1707,228334,204,44252962,195.0,195.0,193.0,194.0,0.5,194.0,1,194.5,6,20.49
20200107,1708,91678,69,2330218,25.4,25.55,25.35,25.4,0.0,25.35,3,25.4,7,21.17
20200107,1709,243579,113,3108523,12.8,12.85,12.7,12.75,0.05,12.75,8,12.8,12,49.04
20200107,1710,1124864,662,23683191,21.2,21.2,20.9,21.0,0.1,20.95,9,21.0,9,95.45
20200107,1711,229476,144,3578268,15.6,15.65,15.55,15.6,0.0,15.55,49,15.6,4,22.61
20200107,1712,490401,214,9302235,18.95,19.0,18.9,19.0,0.05,18.95,54,19.0,17,12.34
20200107,1713,11000,11,200650,18.25,18.25,18.15,18.15,0.15,18.15,2,18.25,2,34.25
20200107,1714,1686126,470,11966468,7.15,7.16,7.07,7.07,0.05,7.07,13,7.08,28,30.74
20200107,1717,588857,311,15733992,26.7,26.8,26.65,26.75,0.1,26.7,15,26.75,74,15.64
20200107,1718,1615003,544,13199449,8.25,8.25,8.12,8.14,0.05,8.14,43,8.15,5,0.0
20200107,1720,170071,128,5675331,33.55,33.55,33.25,33.35,0.2,33.3,9,33.45,5,15.96
20200107,1721,124001,52,1090658,8.81,8.85,8.76,8.82,0.0,8.76,6,8.82,9,176.4
20200107,1722,1638630,962,80061682,49.05,49.2,48.7,48.8,0.2,48.8,28,48.85,4,21.88
20200107,1723,154504,152,19138496,124.5,124.5,123.5,123.5,1.0,123.5,39,124.0,7,19.12
20200107,1724,243100,147,3274750,13.6,13.6,13.35,13.4,0.05,13.35,49,13.4,2,16.54
20200107,1725,43001,38,653665,14.95,15.4,14.95,15.3,0.2,15.2,2,15.3,1,13.66
20200107,1726,24014,26,1699689,70.5,71.0,70.4,70.9,0.6,70.3,4,70.9,1,19.06
20200107,1727,51876,36,619924,11.95,12.0,11.9,11.95,0.05,11.9,8,11.95,3,31.45
20200107,1730,185620,178,13573529,74.0,74.0,72.5,72.8,0.8,72.8,4,72.9,1,11.69
20200107,1731,186050,104,2468060,13.35,13.35,13.2,13.25,0.05,13.2,133,13.25,5,19.78
20200107,1732,3080410,1322,39852456,13.3,13.3,12.6,12.8,0.6,12.75,2,12.8,2,25.1
20200107,1733,472456,303,12961485,27.65,27.65,27.3,27.4,0.25,27.4,9,27.45,4,0.0
20200107,1734,104296,80,2006894,19.35,19.35,19.2,19.3,0.05,19.2,10,19.3,16,0.0
20200107,1735,34000,30,599500,17.7,17.8,17.5,17.65,0.2,17.6,10,17.7,2,17.3
20200107,1736,931677,780,77412984,83.7,83.7,82.6,83.0,0.0,82.9,1,83.0,103,22.25
20200107,1737,153197,126,4945769,32.35,32.4,32.15,32.25,0.1,32.15,1,32.3,6,19.2
20200107,1760,240104,180,20493720,86.0,86.3,85.0,85.2,0.5,85.1,9,85.2,1,33.28
20200107,1762,601502,404,20749817,35.4,35.4,34.1,34.35,0.75,34.3,13,34.35,3,35.05
20200107,1773,528404,471,51249208,96.2,98.0,95.4,97.5,2.1,97.3,2,97.5,2,16.99
20200107,1776,13000,9,208900,16.0,16.1,16.0,16.0,0.05,15.95,2,16.05,2,34.04
20200107,1783,169172,100,4120804,24.55,24.55,24.2,24.25,0.25,24.25,3,24.35,4,28.2
20200107,1786,1482507,1123,109657054,74.8,75.2,72.9,73.0,0.8,72.9,6,73.0,3,37.82
20200107,1789,517050,333,13384137,26.25,26.25,25.65,25.7,0.3,25.7,9,25.8,1,77.88
20200107,1795,3836635,2545,423214532,114.0,114.5,107.0,108.0,5.5,108.0,124,108.5,2,44.08
20200107,1802,1012998,385,11447621,11.35,11.35,11.25,11.25,0.1,11.25,478,11.3,4,0.0
20200107,1805,33000,16,302110,9.04,9.29,9.04,9.22,0.05,9.08,10,9.23,2,0.0
20200107,1806,242050,85,1621100,6.75,6.75,6.62,6.7,0.07,6.69,5,6.7,21,0.0
20200107,1808,333245,184,20704014,62.4,62.4,61.9,62.1,0.3,62.1,23,62.2,19,1035.0
20200107,1809,809913,301,9612279,12.0,12.05,11.75,11.8,0.2,11.8,173,11.85,2,0.0
20200107,1810,402000,100,3309800,8.26,8.28,8.2,8.28,0.05,8.26,7,8.28,3,0.0
20200107,1817,64000,35,2251600,35.15,35.25,35.1,35.2,0.05,35.15,2,35.2,3,12.57
20200107,1902,5274146,1780,118529132,23.2,23.2,21.4,22.3,0.7,22.15,7,22.3,39,31.86
20200107,1903,39258,46,1330243,33.95,34.2,33.5,34.2,0.4,33.85,1,34.15,2,0.0
20200107,1904,1496766,693,28880367,19.2,19.35,19.2,19.35,0.15,19.3,58,19.35,81,11.38
20200107,1905,741161,288,6633130,8.97,8.98,8.93,8.93,0.03,8.92,52,8.93,12,148.83
20200107,1906,194000,119,2750250,14.35,14.4,14.1,14.15,0.2,14.1,55,14.2,8,10.4
20200107,1907,2864953,935,37626826,13.4,13.4,13.0,13.15,0.15,13.15,9,13.2,224,11.24
20200107,1909,12483626,3225,196373598,16.0,16.1,15.45,15.6,0.3,15.6,639,15.65,201,0.0
20200107,2002,7693624,2813,182729049,23.8,23.9,23.7,23.7,0.1,23.7,869,23.75,5,23.7
20200107,2002A,14000,12,761200,54.4,54.4,54.3,54.4,0.0,54.3,16,54.4,19,0.0
20200107,2006,892012,503,20749919,23.25,23.35,23.2,23.25,0.0,23.25,55,23.3,43,19.54
20200107,2007,141343,60,609810,4.31,4.35,4.3,4.31,0.0,4.31,9,4.33,4,0.0
20200107,2008,61402,45,784934,12.6,12.9,12.6,12.75,0.05,12.75,24,12.85,11,0.0
20200107,2009,140864,85,1330293,9.44,9.49,9.42,9.49,0.01,9.45,5,9.49,8,0.0
20200107,2010,245349,97,2492240,10.15,10.2,10.15,10.15,0.0,10.15,14,10.2,183,39.04
20200107,2012,43992,24,886440,20.1,20.2,20.1,20.15,0.05,20.1,1,20.15,5,10.95
20200107,2013,125685,84,3115852,25.0,25.0,24.65,24.75,0.15,24.75,2,24.8,50,45.0
20200107,2014,3779318,993,39012598,10.45,10.45,10.25,10.3,0.1,10.3,21,10.35,224,14.93
20200107,2015,156000,130,8402200,53.8,54.0,53.7,54.0,0.2,53.8,12,54.0,26,13.64
20200107,2017,76733,39,514700,6.72,6.74,6.69,6.7,0.02,6.7,5,6.72,17,0.0
20200107,2020,105500,60,1639900,15.55,15.6,15.5,15.55,0.0,15.5,22,15.6,42,9.78
20200107,2022,263640,126,1408579,5.4,5.4,5.31,5.33,0.07,5.32,1,5.33,12,0.0
20200107,2023,797427,467,7379116,9.26,9.3,9.2,9.28,0.01,9.27,13,9.28,14,0.0
20200107,2024,121199,60,1510847,12.5,12.6,12.25,12.3,0.2,12.25,4,12.5,2,47.31
20200107,2025,313827,38,670061,2.0,2.22,2.0,2.21,0.19,2.2,1,2.21,3,0.0
20200107,2027,3592029,1566,112527846,31.4,31.5,31.2,31.25,0.05,31.25,48,31.3,11,11.36
20200107,2028,64400,46,662600,10.35,10.4,10.15,10.3,0.1,10.15,8,10.25,2,11.44
20200107,2029,67060,49,1304237,19.55,19.55,19.35,19.4,0.2,19.4,7,19.45,12,138.57
20200107,2030,212231,115,2595591,12.3,12.3,12.2,12.2,0.15,12.2,18,12.25,4,12.08
20200107,2031,908501,478,28334031,31.3,31.55,30.9,31.2,0.1,31.2,3,31.25,4,0.0
20200107,2032,99181,33,909102,9.18,9.2,9.15,9.18,0.02,9.17,5,9.19,5,28.69
20200107,2033,24000,17,218950,9.14,9.15,9.1,9.15,0.05,9.1,2,9.15,6,0.0
20200107,2034,195835,115,5061982,25.8,25.95,25.8,25.85,0.05,25.85,17,25.9,1,14.13
20200107,2038,38250,22,272520,7.13,7.14,7.11,7.14,0.04,7.13,6,7.14,4,0.0
20200107,2049,1987516,1775,541923063,278.0,280.0,269.5,270.5,7.5,270.5,24,271.0,6,31.06
20200107,2059,292251,246,101280846,354.5,355.5,341.0,343.5,9.5,343.5,2,345.0,2,18.96
20200107,2062,133000,70,3634550,27.5,27.5,27.25,27.35,0.1,27.35,13,27.45,2,60.78
20200107,2069,76000,53,1438800,19.0,19.1,18.8,18.85,0.1,18.8,19,18.95,2,0.0
20200107,2101,1677645,840,82066136,49.0,49.25,48.15,48.45,0.55,48.45,36,48.6,12,38.45
20200107,2102,1253188,388,16604327,13.3,13.4,13.15,13.2,0.1,13.15,101,13.2,15,0.0
20200107,2103,1618284,797,38773688,24.05,24.05,23.8,23.9,0.2,23.9,136,23.95,36,19.75
20200107,2104,3860124,2239,123476318,31.6,32.2,31.6,32.05,0.45,32.05,14,32.1,95,16.35
20200107,2105,1382796,656,57290946,41.5,41.55,41.3,41.35,0.05,41.35,143,41.4,1,37.94
20200107,2106,844770,524,25406922,30.3,30.4,30.0,30.0,0.3,30.0,25,30.05,6,25.42
20200107,2107,311450,142,5820063,18.7,18.75,18.65,18.75,0.0,18.7,12,18.75,67,13.89
20200107,2108,419363,204,12582690,30.2,30.2,29.9,30.0,0.15,29.95,25,30.0,14,9.93
20200107,2109,24202,27,267081,11.05,11.1,11.0,11.05,0.0,11.0,3,11.05,35,0.0
20200107,2114,28350,31,2333305,82.4,82.4,82.2,82.3,0.1,82.2,9,82.3,2,15.02
20200107,2115,40000,32,1676700,41.45,42.1,41.45,42.1,0.75,42.1,1,42.15,7,14.62
20200107,2201,2066293,853,39496235,19.25,19.25,19.0,19.0,0.2,19.0,379,19.05,15,0.0
20200107,2204,319304,263,12357639,38.8,38.9,38.6,38.65,0.2,38.65,8,38.8,12,21.01
20200107,2206,707409,284,14921018,21.1,21.15,21.05,21.15,0.05,21.1,24,21.15,23,10.52
20200107,2207,271579,298,179263561,673.0,674.0,653.0,659.0,10.0,659.0,2,661.0,1,32.1
20200107,2208,720656,436,19273721,26.9,26.95,26.55,26.95,0.15,26.9,1,26.95,12,0.0
20200107,2227,84229,93,24015765,285.5,286.5,283.0,286.5,2.5,284.5,1,286.5,8,13.02
20200107,2228,293451,264,33207735,115.5,116.0,112.0,112.5,2.5,112.5,7,113.0,4,14.86
20200107,2231,346272,299,83445229,243.5,244.5,238.5,240.5,3.5,240.0,11,240.5,4,25.89
20200107,2233,180042,140,12961732,72.3,72.3,71.7,72.2,0.1,72.2,1,72.3,19,12.85
20200107,2236,24259,20,545951,22.75,22.75,22.35,22.4,0.3,22.35,2,22.6,3,9.22
20200107,2239,36230,35,3399350,94.5,94.5,93.5,93.7,0.9,93.6,2,93.7,1,16.1
20200107,2243,25034,22,361588,14.7,14.7,14.2,14.3,0.3,14.3,1,14.6,6,0.0
20200107,2301,2749285,1286,134716116,48.9,49.2,48.9,48.9,0.15,48.85,60,48.9,1,11.99
20200107,2302,161663,80,1298849,8.17,8.17,7.95,8.0,0.03,8.0,1,8.03,4,66.67
20200107,2303,39718117,7401,633334895,16.05,16.15,15.8,16.0,0.05,15.95,454,16.0,19,44.44
20200107,2305,310918,102,2084174,6.84,6.84,6.66,6.66,0.08,6.65,4,6.66,12,0.0
20200107,2308,8304026,4587,1234257854,148.0,151.0,146.5,149.0,0.0,148.5,244,149.0,141,16.07
20200107,2312,13475770,3512,182033161,13.7,13.7,13.3,13.5,0.05,13.45,111,13.5,206,24.55
20200107,2313,40443866,17831,1736869437,42.85,43.65,42.0,43.2,1.55,43.15,69,43.2,4,18.31
20200107,2314,1442149,607,34303665,23.95,24.2,23.55,23.65,0.25,23.65,25,23.7,1,0.0
20200107,2316,2320748,1405,80602722,35.25,35.45,34.15,34.35,0.7,34.35,27,34.4,1,11.26
20200107,2317,43978140,21340,3935667984,90.5,91.0,88.3,89.1,1.4,89.1,90,89.2,74,9.49
20200107,2321,359062,60,522552,1.43,1.48,1.43,1.48,0.13,1.48,124,,0,0.0
20200107,2323,14619550,3109,135300903,9.34,9.42,9.17,9.17,0.15,9.17,155,9.18,4,8.34
20200107,2324,5610981,1994,105412249,18.9,18.9,18.75,18.75,0.15,18.75,952,18.8,108,12.34
20200107,2327,21192602,16243,8941001228,416.0,435.0,414.0,414.0,46.0,,0,414.0,4680,17.08
20200107,2328,1611819,836,36323573,22.75,22.8,22.4,22.5,0.2,22.5,65,22.55,1,9.57
20200107,2329,2601810,904,38087368,14.65,14.85,14.55,14.6,0.15,14.6,95,14.65,2,13.39
20200107,2330,51746181,22362,17053282011,332.5,333.0,326.5,329.5,2.5,329.5,119,330.0,2612,25.94
20200107,2331,554758,271,7525216,13.7,13.85,13.45,13.45,0.3,13.45,4,13.5,1,269.0
20200107,2332,2752602,849,37086511,13.5,13.6,13.4,13.45,0.0,13.45,49,13.5,188,0.0
20200107,2337,101521085,34549,3893250949,39.5,39.85,37.6,37.6,1.35,37.6,1508,37.65,35,13.48
20200107,2338,4740255,2385,152430360,33.1,33.35,31.65,31.75,1.15,31.7,152,31.75,2,22.05
20200107,2340,3489873,1597,85965942,24.95,25.1,24.35,24.7,0.25,24.7,10,24.75,21,14.88
20200107,2342,457531,285,8762901,19.5,19.6,19.0,19.2,0.2,19.2,3,19.25,6,0.0
20200107,2344,45004812,12152,864751028,19.65,19.8,18.8,19.05,0.4,19.05,722,19.1,34,32.29
20200107,2345,6863208,4724,1132721492,172.0,172.5,162.0,162.0,8.0,162.0,7,162.5,33,19.29
20200107,2347,3334899,1140,123918490,37.3,37.3,37.05,37.1,0.2,37.1,245,37.2,87,9.95
20200107,2348,955863,592,54529791,57.0,58.0,56.0,57.0,1.5,56.9,1,57.0,10,10.96
20200107,2349,2486934,864,16905083,6.81,6.86,6.76,6.81,0.01,6.8,14,6.81,5,0.0
20200107,2351,455046,308,29775822,67.2,67.2,64.6,65.1,1.1,65.0,55,65.2,1,18.49
20200107,2352,5559264,2013,115887610,21.0,21.1,20.7,20.85,0.05,20.8,151,20.85,9,10.32
20200107,2353,5708642,2095,100569749,17.65,17.8,17.55,17.55,0.1,17.55,592,17.6,131,18.67
20200107,2354,2748998,1727,178663970,65.3,65.8,64.7,65.0,0.3,64.9,47,65.0,56,10.14
20200107,2355,1267627,747,40804338,32.25,32.5,31.8,32.3,0.05,32.25,2,32.3,9,20.06
20200107,2356,5351502,1928,122090578,22.8,22.9,22.75,22.8,0.05,22.8,13,22.85,105,14.71
20200107,2357,1263692,803,295350428,233.0,235.0,231.5,235.0,2.5,234.5,7,235.0,45,26.14
20200107,2358,123254,60,2042040,16.6,16.65,16.5,16.65,0.0,16.6,1,16.65,11,53.71
20200107,2359,5432391,2763,120666824,22.0,22.65,21.85,22.0,0.75,22.0,59,22.05,25,9.65
20200107,2360,1914565,1228,284647250,149.0,151.0,145.5,150.5,3.0,150.5,3,151.0,120,36.35
20200107,2362,640349,415,23325437,36.25,36.75,36.0,36.7,0.5,36.6,2,36.7,7,17.64
20200107,2363,4593882,1465,37816215,8.38,8.38,8.16,8.22,0.14,8.22,17,8.23,32,0.0
20200107,2364,140728,31,283226,2.03,2.03,2.0,2.0,0.01,2.0,60,2.01,1,0.0
20200107,2365,288810,120,2373377,8.23,8.25,8.2,8.24,0.01,8.22,2,8.24,5,103.0
20200107,2367,12544494,5862,404528123,32.65,32.85,32.0,32.2,0.4,32.2,483,32.25,73,12.01
20200107,2368,40533784,9500,695745961,17.7,17.9,16.7,17.05,0.35,17.05,16,17.1,79,0.0
20200107,2369,2918030,891,29338231,10.2,10.25,9.92,9.96,0.19,9.96,52,9.97,8,0.0
20200107,2371,4054836,1171,83555512,20.7,20.75,20.45,20.7,0.05,20.6,12,20.7,219,0.0
20200107,2373,32576,38,2941440,90.1,90.5,90.1,90.4,0.2,90.1,2,90.4,2,14.33
20200107,2374,305887,188,4911642,16.2,16.3,15.95,16.05,0.1,16.05,4,16.1,21,0.0
20200107,2375,11427132,6693,499776176,45.9,45.9,41.8,43.0,3.1,43.0,70,43.05,25,36.44
20200107,2376,3684766,2351,183049450,50.0,50.1,49.5,49.6,0.4,49.6,34,49.7,4,18.65
20200107,2377,2448115,1616,216440424,89.1,89.5,87.6,88.3,0.5,88.3,13,88.4,3,15.07
20200107,2379,4679799,3135,1114327863,246.0,247.0,234.5,235.5,8.0,235.5,42,236.0,7,19.16
20200107,2380,277239,95,1128535,4.14,4.14,4.0,4.04,0.1,4.04,1,4.09,3,0.0
20200107,2382,13139415,4066,819100237,62.5,62.7,61.7,62.6,0.4,62.6,1213,62.7,50,15.5
20200107,2383,6375215,3675,830963338,133.5,134.5,128.0,129.5,2.5,129.5,163,130.0,39,16.35
20200107,2385,3660519,2430,310106180,85.9,86.2,83.6,85.7,0.1,85.6,1,85.7,42,10.81
20200107,2387,1605352,962,58737698,37.1,37.45,36.2,36.5,0.6,36.5,33,36.65,19,46.79
20200107,2388,921630,515,31714970,34.6,35.0,34.05,34.1,0.5,34.1,13,34.15,1,341.0
20200107,2390,707800,328,7571847,10.9,10.9,10.6,10.65,0.15,10.65,17,10.7,10,0.0
20200107,2392,5671579,3179,245671097,44.2,44.55,42.6,43.0,1.15,43.0,37,43.05,12,9.25
20200107,2393,1873768,1169,64751820,34.7,34.95,34.15,34.7,0.15,34.65,31,34.7,45,20.78
20200107,2395,352659,310,106025200,298.5,302.0,298.5,300.5,2.0,300.5,13,301.5,1,28.87
20200107,2397,72383,64,5993426,83.6,83.6,82.2,82.3,1.2,82.3,2,83.0,1,14.67
20200107,2399,2983424,1326,36251895,12.2,12.5,11.85,12.0,0.05,11.95,122,12.0,8,0.0
20200107,2401,1470446,505,19294838,13.25,13.3,13.05,13.1,0.2,13.1,50,13.15,33,0.0
20200107,2402,790960,284,13091986,16.6,16.7,16.45,16.55,0.0,16.55,106,16.6,3,20.18
20200107,2404,1275752,945,240919128,190.0,191.5,187.0,189.0,1.0,189.0,9,189.5,22,13.0
20200107,2405,906079,326,10870491,12.05,12.1,11.9,11.95,0.1,11.95,44,12.0,4,0.0
20200107,2406,1742978,762,22227746,12.95,12.95,12.55,12.65,0.15,12.65,7,12.75,9,0.0
20200107,2408,16643874,8977,1353175852,83.4,84.2,80.0,81.1,2.6,81.1,56,81.2,2,15.02
20200107,2409,66052483,8179,665339301,10.05,10.2,9.98,10.05,0.09,10.05,634,10.1,1529,0.0
20200107,2412,14171476,4984,1548507360,110.0,110.0,108.5,109.5,0.5,109.0,2736,109.5,915,25.41
20200107,2413,299010,163,4831360,16.35,16.5,15.85,15.95,0.4,15.95,10,16.15,1,0.0
20200107,2414,157039,107,3601940,23.0,23.0,22.8,22.9,0.1,22.9,9,22.95,2,13.16
20200107,2415,274878,212,5438696,19.35,20.05,19.35,19.85,0.55,19.8,5,19.85,5,33.08
20200107,2417,190156,88,1948290,10.3,10.3,10.2,10.25,0.05,10.25,1,10.3,52,146.43
20200107,2419,8816924,3141,211985177,24.0,24.25,23.8,24.25,1.3,24.2,19,24.25,33,22.25
20200107,2420,203131,150,7268116,35.95,35.95,35.65,35.9,0.05,35.85,5,35.9,9,10.56
20200107,2421,4019371,2679,172683863,43.1,43.65,42.4,42.6,0.3,42.6,48,42.65,1,17.68
20200107,2423,310039,228,8283541,27.0,27.05,26.6,26.7,0.05,26.65,2,26.7,5,11.76
20200107,2424,17699,19,514071,29.05,29.4,28.5,29.4,1.2,28.35,1,29.45,1,0.0
20200107,2425,229000,161,6980850,30.9,30.9,30.0,30.45,0.25,30.2,3,30.5,2,22.72
20200107,2426,1017450,549,14769446,14.7,14.8,14.4,14.45,0.25,14.45,85,14.55,1,120.42
20200107,2427,62411,32,658415,10.55,10.6,10.5,10.55,0.05,10.5,54,10.55,18,14.07
20200107,2428,1303583,975,121650605,96.1,96.1,91.9,94.7,0.5,94.2,2,94.7,1,11.45
20200107,2429,547500,291,15934550,28.6,29.85,28.45,29.0,0.4,29.0,16,29.05,8,0.0
20200107,2430,91611,50,1568347,17.15,17.15,17.1,17.1,0.05,17.1,21,17.25,6,17.27
20200107,2431,274252,143,3015933,11.2,11.2,10.9,10.95,0.2,10.95,18,11.0,1,0.0
20200107,2433,129476,115,7093769,55.4,55.5,54.2,54.8,0.6,54.8,1,54.9,1,12.99
20200107,2434,110000,37,766440,6.7,7.08,6.7,6.91,0.03,6.91,2,7.0,5,0.0
20200107,2436,610311,389,15900186,26.3,26.45,25.85,26.0,0.25,26.0,21,26.15,5,25.74
20200107,2438,32999,18,261471,7.91,8.06,7.91,7.91,0.0,7.85,1,8.07,3,0.0
20200107,2439,6376587,4572,1033951681,166.0,166.0,159.5,162.0,5.0,162.0,168,162.5,45,10.12
20200107,2440,39000,30,375150,9.47,9.76,9.46,9.69,0.0,9.45,3,9.6,5,0.0
20200107,2441,504431,302,23560275,46.8,47.0,46.6,46.75,0.05,46.75,18,46.8,47,14.38
20200107,2442,447656,213,4833151,10.8,10.9,10.75,10.75,0.05,10.75,52,10.8,20,3.34
20200107,2443,1063511,404,4364823,4.11,4.48,4.04,4.04,0.44,,0,4.04,129,0.0
20200107,2444,2551007,1056,49567434,20.05,20.2,19.05,19.35,0.85,19.3,69,19.35,15,0.0
20200107,2448,15873750,6776,499568216,31.8,32.1,31.0,31.55,0.15,31.55,21,31.6,9,0.0
20200107,2449,12450821,4974,453245265,36.4,36.9,36.05,36.25,0.2,36.25,172,36.35,6,18.03
20200107,2450,106987,89,3422582,32.0,32.2,31.85,31.85,0.1,31.8,23,31.85,3,18.96
20200107,2451,593051,470,44629054,75.0,76.0,74.9,76.0,0.9,76.0,6,76.1,8,19.0
20200107,2453,281001,144,4643416,16.5,16.6,16.45,16.5,0.05,16.45,22,16.5,4,15.0
20200107,2454,11707155,7952,4982703572,428.0,431.0,418.0,426.0,2.0,426.0,37,426.5,3,32.87
20200107,2455,5899025,3883,681218836,119.5,121.0,112.0,113.0,5.0,113.0,107,113.5,22,44.84
20200107,2456,29318786,17266,3627181392,131.0,131.0,119.0,122.5,8.5,122.0,213,122.5,27,21.6
20200107,2457,911036,336,8771700,9.77,9.81,9.51,9.57,0.19,9.57,10,9.58,19,0.0
20200107,2458,3239120,2168,290205936,90.8,91.1,88.9,89.1,1.4,89.1,52,89.2,3,13.28
20200107,2459,130820,95,5633281,43.2,43.3,42.9,43.25,0.1,43.15,2,43.25,4,10.98
20200107,2460,241962,116,2437572,10.15,10.25,9.96,9.97,0.23,9.96,15,9.97,3,0.0
20200107,2461,572251,295,10453905,18.4,18.45,18.1,18.1,0.25,18.1,21,18.15,11,47.63
20200107,2462,56485,41,1632468,29.1,29.1,28.7,29.0,0.1,28.65,2,29.0,5,20.86
20200107,2464,766694,539,29590341,38.9,39.05,38.4,38.8,0.1,38.8,1,38.85,3,8.88
20200107,2465,137720,79,1531190,11.3,11.3,11.05,11.1,0.05,11.1,3,11.2,22,0.0
20200107,2466,57010,44,1963393,34.4,34.55,34.3,34.5,0.05,34.35,1,34.5,1,191.67
20200107,2467,272201,167,7046435,26.15,26.15,25.65,25.8,0.25,25.8,9,25.85,1,9.05
20200107,2468,30912,25,384108,12.55,12.55,12.4,12.45,0.05,12.45,2,12.5,4,19.76
20200107,2471,202046,80,3817770,19.05,19.05,18.75,18.85,0.05,18.85,4,18.9,5,12.82
20200107,2472,941243,700,38760242,42.1,42.1,40.6,40.9,1.0,40.85,21,40.9,2,12.1
20200107,2474,3415177,2302,805762449,237.5,240.0,232.5,234.5,3.0,234.0,36,234.5,43,12.25
20200107,2476,84800,43,1992937,23.55,23.6,23.45,23.55,0.05,23.45,8,23.55,6,12.14
20200107,2477,137100,95,3551845,26.3,26.3,25.5,25.9,0.35,25.9,2,25.95,2,16.09
20200107,2478,19821589,13123,1181531861,61.9,62.7,57.6,57.8,6.2,57.8,26,57.9,13,13.73
20200107,2480,225805,202,12224828,54.3,54.6,53.9,54.3,0.3,54.2,1,54.3,1,12.99
20200107,2481,3120076,1654,86677077,28.3,28.45,27.3,27.5,0.75,27.5,32,27.65,3,16.87
20200107,2482,75671,54,907484,12.0,12.15,11.95,12.0,0.0,12.0,3,12.05,9,21.05
20200107,2483,97024,44,1986293,20.5,20.6,20.4,20.4,0.1,20.4,21,20.5,6,12.07
20200107,2484,970608,482,19531819,20.45,20.45,20.0,20.1,0.2,20.1,91,20.25,5,16.48
20200107,2485,802439,385,16098397,20.1,20.25,19.9,20.05,0.05,20.0,52,20.05,1,44.56
20200107,2486,404485,185,3553786,8.78,8.89,8.7,8.8,0.03,8.79,3,8.8,3,0.0
20200107,2488,249100,139,8252060,33.3,33.3,33.05,33.1,0.15,33.1,14,33.15,11,8.99
20200107,2489,832618,334,8890346,10.75,10.8,10.6,10.65,0.05,10.65,90,10.7,56,32.27
20200107,2491,52381,37,482874,9.42,9.43,9.07,9.14,0.21,9.14,2,9.29,7,0.0
20200107,2492,36594697,23843,8646895904,248.0,249.0,227.5,235.0,17.5,234.5,27,235.0,141,10.99
20200107,2493,127566,95,3528596,27.75,27.75,27.6,27.65,0.1,27.6,92,27.65,2,10.84
20200107,2495,198300,74,2685419,13.6,13.65,13.5,13.5,0.1,13.5,1,13.6,2,12.39
20200107,2496,48050,30,2952850,61.5,61.6,61.3,61.6,0.4,61.5,1,62.5,1,10.73
20200107,2497,84000,51,1897800,22.75,22.75,22.35,22.75,0.0,22.75,9,22.9,1,0.0
20200107,2498,9037744,4230,339181545,38.4,38.5,36.95,37.0,1.2,37.0,60,37.05,60,0.0
20200107,2499,1816417,558,12493273,7.03,7.03,6.8,6.88,0.16,6.87,2,6.88,6,0.0
20200107,2501,518094,316,10804944,20.85,20.95,20.8,20.8,0.1,20.8,13,20.85,3,17.48
20200107,2504,8585034,2029,117927413,13.7,13.9,13.55,13.75,0.05,13.75,231,13.8,5,28.06
20200107,2505,445338,216,7384390,17.0,17.0,16.3,16.45,0.05,16.4,10,16.5,4,109.67
20200107,2506,121530,47,1358104,11.2,11.25,11.15,11.15,0.05,11.15,59,11.2,26,18.58
20200107,2509,24760,20,572394,23.1,23.15,23.0,23.15,0.0,23.1,1,23.15,6,3.36
20200107,2511,1007020,372,11245468,11.2,11.2,11.15,11.2,0.0,11.15,173,11.2,41,13.66
20200107,2514,311541,126,4674815,14.95,15.15,14.9,14.95,0.05,14.95,6,15.0,1,24.11
20200107,2515,3210680,904,24377466,7.62,7.65,7.56,7.56,0.06,7.56,101,7.57,4,58.15
20200107,2516,28029,25,168212,6.0,6.02,5.98,6.0,0.0,5.98,48,6.0,2,30.0
20200107,2520,3010500,1445,95736173,31.2,32.3,31.0,31.8,0.8,31.8,10,31.85,5,10.29
20200107,2524,1313119,571,42169272,31.6,32.7,31.45,32.7,1.3,32.65,9,32.7,3,10.28
20200107,2527,117040,88,2656814,22.8,22.8,22.65,22.65,0.15,22.65,5,22.7,6,6.19
20200107,2528,90507,60,1867018,20.5,20.8,20.5,20.55,0.05,20.55,3,20.6,8,0.0
20200107,2530,450631,48,7297159,16.2,16.2,16.1,16.2,0.0,16.1,4,16.2,16,0.0
20200107,2534,674686,317,16556765,24.65,24.65,24.5,24.55,0.1,24.55,3,24.6,8,13.56
20200107,2535,657410,343,13938930,21.3,21.3,21.1,21.25,0.05,21.2,7,21.25,12,10.73
20200107,2536,414877,227,9790647,23.65,23.75,23.35,23.75,0.1,23.7,1,23.75,4,13.89
20200107,2537,1583344,523,17257711,11.1,11.1,10.75,10.9,0.0,10.85,8,10.9,101,0.0
20200107,2538,442905,173,5598051,12.65,12.75,12.6,12.65,0.05,12.6,57,12.65,59,115.0
20200107,2539,89187,58,2635275,29.55,29.6,29.45,29.6,0.05,29.55,4,29.6,12,16.72
20200107,2540,28840,14,767997,26.65,26.85,26.6,26.7,0.2,26.35,2,26.65,1,54.49
20200107,2542,1273805,837,58632528,46.2,46.25,45.9,46.0,0.2,46.0,64,46.05,16,12.43
20200107,2543,91865,58,656313,7.25,7.29,6.66,7.09,0.15,7.06,2,7.2,2,0.0
20200107,2545,502660,336,19909718,39.25,40.7,38.8,40.0,0.55,40.0,2,40.05,2,31.75
20200107,2546,48045,43,1799130,37.5,37.5,37.3,37.5,0.0,37.5,3,37.6,3,8.78
20200107,2547,997614,426,11318608,11.4,11.4,11.3,11.35,0.05,11.3,374,11.35,1,162.14
20200107,2548,708282,490,64965153,91.2,92.3,91.2,92.0,0.7,92.0,39,92.1,1,7.6
20200107,2597,46000,41,2897800,62.9,63.3,62.7,63.0,0.2,63.0,6,63.3,1,14.48
20200107,2601,3478252,800,39235046,11.2,11.4,11.1,11.15,0.05,11.15,467,11.2,54,5.78
20200107,2603,13880817,3741,179667628,13.0,13.05,12.85,12.9,0.1,12.9,548,12.95,79,56.09
20200107,2605,823484,386,13610636,16.5,16.6,16.45,16.6,0.0,16.5,21,16.6,155,0.0
20200107,2606,881300,485,28837114,32.75,32.8,32.65,32.75,0.05,32.7,10,32.75,2,23.23
20200107,2607,505240,183,7162618,14.2,14.25,14.1,14.15,0.05,14.15,1,14.2,104,18.38
20200107,2608,294489,179,11574166,39.25,39.45,39.15,39.45,0.2,39.35,2,39.45,44,13.56
20200107,2609,959325,404,6988439,7.28,7.3,7.26,7.28,0.02,7.27,16,7.29,3,0.0
20200107,2610,5551589,1576,50064011,9.02,9.04,9.01,9.02,0.01,9.02,299,9.03,14,300.67
20200107,2611,128034,49,892925,6.96,6.99,6.96,6.96,0.01,6.96,3,6.98,9,14.2
20200107,2612,230798,176,6795346,29.5,29.7,29.3,29.5,0.0,29.5,4,29.55,12,13.47
20200107,2613,55168,41,785285,14.0,14.4,14.0,14.3,0.3,14.1,2,14.3,3,110.0
20200107,2614,781779,316,8512295,11.0,11.0,10.8,10.95,0.05,10.9,9,10.95,25,0.0
20200107,2615,1356967,681,24726747,18.35,18.4,18.1,18.25,0.1,18.25,7,18.3,16,15.21
20200107,2616,27801,49,832680,29.95,30.0,29.9,29.9,0.1,29.9,4,30.0,6,14.73
20200107,2617,246226,120,4364011,17.75,17.8,17.7,17.75,0.0,17.75,26,17.8,27,12.07
20200107,2618,3841615,1391,52632272,13.7,13.75,13.65,13.65,0.05,13.65,1673,13.7,2,17.5
20200107,2630,18050,19,343594,19.15,19.15,18.95,19.1,0.05,19.1,1,19.15,3,27.68
20200107,2633,4448701,2048,169153288,38.0,38.4,37.85,37.9,0.0,37.9,45,37.95,3,26.14
20200107,2634,6835996,2812,237807700,35.0,35.25,34.3,34.75,0.25,34.7,34,34.75,24,16.87
20200107,2636,138914,98,3323894,23.95,24.05,23.85,23.95,0.05,23.95,9,24.05,3,9.82
20200107,2637,1838665,880,53478748,29.15,29.2,28.95,29.15,0.1,29.1,143,29.15,28,7.75
20200107,2642,224336,158,6663310,29.95,30.0,29.6,29.65,0.3,29.65,6,29.7,1,19.25
20200107,2701,83713,84,1124816,13.4,13.45,13.35,13.45,0.05,13.35,46,13.45,39,14.46
20200107,2702,1411320,865,32991104,22.95,24.0,22.8,23.25,0.55,23.25,1,23.35,2,34.19
20200107,2704,361700,228,10568014,29.7,29.7,28.9,28.9,0.65,28.9,1,29.0,3,29.49
20200107,2705,71577,85,1101290,15.35,15.45,15.3,15.45,0.05,15.4,20,15.45,15,0.0
20200107,2706,149908,62,2356653,15.7,15.8,15.7,15.75,0.05,15.7,25,15.8,28,13.82
20200107,2707,185354,190,30851618,167.0,167.5,166.0,166.0,1.0,166.0,22,166.5,3,15.4
20200107,2712,1000,1,54500,54.5,54.5,54.5,54.5,0.5,54.4,1,55.5,1,0.0
20200107,2722,35631,26,910566,24.95,26.0,24.8,26.0,1.05,25.5,2,26.15,1,49.06
20200107,2723,825052,673,104578104,125.5,127.5,125.0,126.5,1.5,126.5,7,127.0,16,21.44
20200107,2727,372981,329,28882018,78.0,78.1,77.0,77.5,0.6,77.5,5,77.8,3,17.0
20200107,2731,221202,167,18482844,82.8,84.6,82.8,82.8,0.2,82.8,4,82.9,1,37.98
20200107,2739,34000,22,866200,25.65,25.65,25.4,25.5,0.05,25.45,1,25.5,1,26.02
20200107,2748,97000,75,4935600,50.8,51.2,50.5,51.2,0.7,51.1,4,51.2,1,15.66
20200107,2801,3088457,813,69551765,22.55,22.55,22.45,22.55,0.0,22.5,62,22.55,221,19.27
20200107,2809,7451342,3130,264994670,34.8,36.3,34.65,35.6,0.95,35.55,1,35.6,31,32.36
20200107,2812,8080955,2486,98825638,12.15,12.3,12.15,12.3,0.15,12.25,476,12.3,825,10.98
20200107,2816,123194,80,2719068,22.05,22.25,22.0,22.05,0.05,22.05,16,22.1,27,6.54
20200107,2820,266852,166,4008917,15.0,15.05,15.0,15.05,0.05,15.0,77,15.05,184,16.36
20200107,2823,5464317,2860,138881120,25.5,25.5,25.35,25.35,0.05,25.35,541,25.4,67,8.96
20200107,2832,190916,84,3968709,20.85,20.9,20.75,20.8,0.05,20.8,25,20.85,3,12.46
20200107,2834,19086423,4371,239086662,12.55,12.6,12.5,12.5,0.05,12.5,8159,12.55,5165,12.63
20200107,2836,777667,229,7617900,9.8,9.82,9.78,9.81,0.01,9.81,5,9.82,63,15.57
20200107,2838,1699609,626,19081855,11.1,11.3,11.1,11.3,0.15,11.25,80,11.3,186,11.53
20200107,2838A,83001,16,4557655,54.9,55.0,54.9,55.0,0.0,54.9,42,55.0,24,0.0
20200107,2841,1139996,350,10069033,8.81,8.87,8.81,8.81,0.0,8.81,104,8.83,1,14.68
20200107,2845,1930336,801,23215982,12.0,12.05,12.0,12.05,0.05,12.0,1016,12.05,2107,10.57
20200107,2849,302753,234,4861571,16.0,16.1,16.0,16.0,0.0,16.0,4,16.1,6,12.21
20200107,2850,186500,130,7195348,38.65,38.7,38.45,38.6,0.05,38.55,10,38.6,3,8.3
20200107,2851,244050,142,4859344,19.9,20.0,19.9,19.9,0.05,19.9,44,19.95,51,9.61
20200107,2852,123221,50,1788104,14.55,14.55,14.5,14.55,0.0,14.45,33,14.55,21,11.83
20200107,2855,2044485,442,29999073,14.75,14.8,14.6,14.6,0.15,14.6,116,14.65,2,12.07
20200107,2867,2087400,817,23671321,11.35,11.45,11.3,11.3,0.05,11.3,257,11.35,48,9.58
20200107,2880,7058997,2350,154766734,21.9,22.0,21.85,22.0,0.1,21.95,101,22.0,389,16.92
20200107,2881,8345434,2790,386139724,46.4,46.5,46.15,46.3,0.1,46.25,18,46.3,268,10.43
20200107,2881A,261135,23,17072115,65.3,65.4,65.3,65.4,0.0,65.3,12,65.4,127,0.0
20200107,2881B,121488,74,7812632,64.3,64.4,64.3,64.4,0.1,64.0,2,64.4,16,0.0
20200107,2882,9665368,4076,407993676,42.25,42.4,42.1,42.2,0.05,42.15,683,42.2,688,12.34
20200107,2882A,255798,21,16411331,64.1,64.2,64.1,64.1,0.1,64.1,110,64.2,222,0.0
20200107,2882B,162043,162,10355443,63.9,64.0,63.8,64.0,0.0,63.9,5,64.0,24,0.0
20200107,2883,15865247,3500,153194043,9.66,9.69,9.64,9.65,0.0,9.65,1701,9.66,42,13.99
20200107,2884,12085430,4629,335211430,27.8,27.85,27.65,27.8,0.0,27.75,879,27.8,610,16.55
20200107,2885,13286537,3350,265057120,19.95,20.0,19.9,19.9,0.05,19.9,744,19.95,41,12.13
20200107,2886,18023360,7154,551609488,30.6,30.65,30.55,30.6,0.0,30.6,2053,30.65,500,14.93
20200107,2887,7670522,2721,110296537,14.4,14.4,14.35,14.4,0.0,14.35,2554,14.4,1546,12.1
20200107,2887E,104148,96,5821658,55.9,55.9,55.8,55.9,0.1,55.7,9,55.9,83,0.0
20200107,2887F,100030,5,5441626,54.4,54.4,54.4,54.4,0.0,54.3,5,54.4,4,0.0
20200107,2888,34184183,4529,348574406,10.2,10.25,10.15,10.2,0.0,10.15,14257,10.2,71,12.91
20200107,2888A,50973,52,2345258,46.05,46.05,46.0,46.05,0.1,46.0,63,46.05,22,0.0
20200107,2889,11760376,3320,138064703,11.55,11.9,11.55,11.9,0.35,11.85,147,11.9,654,13.08
20200107,2890,15364979,5849,199425144,12.95,13.0,12.9,13.0,0.0,12.95,2151,13.0,688,13.27
20200107,2891,23433012,6612,522613880,22.25,22.4,22.2,22.35,0.1,22.3,972,22.35,231,10.4
20200107,2891B,101057,9,6679739,66.1,66.1,66.0,66.0,0.1,65.8,2,66.0,11,0.0
20200107,2891C,19040,16,1201314,63.1,63.1,63.0,63.1,0.1,63.0,51,63.1,2,0.0
20200107,2892,9613200,4490,226540059,23.65,23.7,23.5,23.55,0.15,23.55,1123,23.6,463,15.91
20200107,2897,453020,241,3532920,7.79,7.82,7.79,7.8,0.01,7.79,26,7.8,59,16.6
20200107,2897A,73128,21,773006,10.6,10.6,10.55,10.55,0.05,10.55,218,10.6,37,0.0
20200107,2901,32000,17,772800,24.25,24.25,24.05,24.15,0.0,24.0,2,24.15,5,60.38
20200107,2903,3850593,597,97506931,25.45,25.45,25.2,25.2,0.25,25.2,107,25.3,136,21.18
20200107,2904,31000,29,736850,23.8,23.8,23.7,23.8,0.1,23.7,5,23.8,5,12.53
20200107,2905,505477,310,10698388,21.25,21.3,21.1,21.1,0.1,21.1,24,21.15,43,6.76
20200107,2906,62861,20,708585,11.3,11.3,11.25,11.3,0.0,11.25,10,11.3,21,38.97
20200107,2908,137048,68,2896758,21.1,21.2,21.0,21.2,0.05,21.0,22,21.2,20,0.0
20200107,2910,18028,19,712717,37.8,41.0,37.8,40.75,2.4,39.65,1,40.95,1,78.37
20200107,2911,956029,506,7888273,7.81,8.49,7.81,8.16,0.39,8.15,4,8.16,8,0.0
20200107,2912,590803,501,179683612,303.5,305.0,303.5,304.0,0.0,304.0,5,304.5,9,30.01
20200107,2913,708422,264,11512906,16.25,16.3,16.2,16.2,0.05,16.2,17,16.25,2,0.0
20200107,2915,1033482,727,74519042,72.2,72.4,71.9,72.2,0.2,72.1,34,72.2,1,3.75
20200107,2923,187039,145,5188989,27.0,28.3,26.95,27.8,0.85,27.75,2,27.9,8,4.79
20200107,2929,506196,413,46941153,92.8,93.4,92.3,93.0,0.6,92.9,1,93.0,35,6.78
20200107,2936,23000,20,461400,20.05,20.15,20.0,20.1,0.0,19.65,5,20.1,1,2010.0
20200107,2939,20332,21,1863576,92.0,92.2,91.2,92.1,0.8,91.3,2,92.2,1,14.98
20200107,3002,144053,68,1632056,11.55,11.55,11.15,11.35,0.1,11.3,8,11.35,13,24.15
20200107,3003,1074330,735,50852072,48.75,48.8,46.9,47.15,1.15,47.15,1,47.35,3,15.46
20200107,3004,253023,202,21727658,86.0,86.4,85.3,86.0,1.0,86.0,1,86.1,1,12.5
20200107,3005,663330,380,30752294,46.2,46.65,46.15,46.4,0.2,46.4,6,46.45,6,13.3
20200107,3006,5136494,2860,191665972,38.0,38.05,36.75,37.9,0.2,37.9,40,37.95,32,32.67
20200107,3008,856521,913,4041020800,4740.0,4785.0,4640.0,4740.0,45.0,4730.0,5,4745.0,1,23.86
20200107,3010,230255,157,12841680,56.1,56.1,55.6,55.6,0.1,55.6,16,55.7,12,8.78
20200107,3011,284000,64,1875960,6.68,6.68,6.58,6.59,0.0,6.59,8,6.64,2,0.0
20200107,3013,289000,169,4152100,14.55,14.6,14.2,14.2,0.15,14.2,2,14.25,1,21.52
20200107,3014,735898,474,31158302,42.8,43.0,42.05,42.1,0.55,42.1,16,42.2,5,14.03
20200107,3015,237564,166,5135052,21.75,21.75,21.5,21.6,0.2,21.6,2,21.65,2,77.14
20200107,3016,2032572,1402,103229383,51.9,52.1,50.0,50.4,1.1,50.4,13,50.5,3,114.55
20200107,3017,5807584,3130,230647660,40.2,40.4,39.25,39.65,0.25,39.65,51,39.7,30,16.12
20200107,3018,143125,100,3173090,22.4,22.4,22.1,22.1,0.15,22.1,2,22.25,10,0.0
20200107,3019,21843363,11853,2172119395,103.0,104.0,95.6,99.2,3.8,99.2,23,99.3,4,23.51
20200107,3021,73000,35,1132450,15.5,15.65,15.5,15.55,0.05,15.45,11,15.6,7,11.11
20200107,3022,90013,79,4739476,53.0,53.1,52.5,52.6,0.6,52.6,15,52.8,5,10.1
20200107,3023,969966,857,123886126,129.0,129.0,125.5,128.5,0.0,128.0,10,128.5,34,17.82
20200107,3024,446529,130,3635264,8.21,8.21,8.08,8.08,0.11,8.08,16,8.11,3,12.43
20200107,3025,270000,142,6090550,23.1,23.2,22.15,22.15,0.75,22.1,10,22.35,11,35.16
20200107,3026,12879977,8902,1409539951,115.0,115.0,105.0,110.0,5.0,110.0,61,110.5,26,16.79
20200107,3027,257586,90,2086708,8.11,8.15,8.05,8.09,0.02,8.09,7,8.13,1,4.02
20200107,3028,209350,122,4382629,21.0,21.0,20.85,21.0,0.0,20.9,14,21.0,30,15.79
20200107,3029,1892862,1141,58051538,30.6,30.85,30.5,30.5,0.45,30.5,37,30.55,1,12.4
20200107,3030,1014331,737,55763934,55.1,55.7,54.4,54.8,0.2,54.8,10,54.9,3,13.77
20200107,3031,770757,429,12285545,16.05,16.15,15.8,15.85,0.25,15.85,33,16.0,10,13.21
20200107,3032,126100,85,3498815,28.0,28.0,27.65,27.65,0.15,27.65,8,27.75,2,10.76
20200107,3033,268548,214,4757942,17.75,17.75,17.7,17.75,0.05,17.7,122,17.75,22,22.76
20200107,3034,9644352,5499,2099288190,218.5,219.5,215.0,218.0,7.0,218.0,22,218.5,39,16.22
20200107,3035,5575637,3242,316285828,57.2,57.9,55.6,56.1,0.5,56.1,53,56.2,14,36.91
20200107,3036,1802977,909,75260829,42.05,42.05,41.45,41.5,0.55,41.5,176,41.55,2,10.15
20200107,3037,17381682,8342,720905783,41.7,41.8,41.1,41.3,0.05,41.3,195,41.35,30,20.55
20200107,3038,786933,393,13526848,17.35,17.45,17.05,17.15,0.05,17.15,29,17.25,7,10.33
20200107,3040,28100,24,806765,28.75,28.8,28.65,28.65,0.1,28.6,3,28.85,1,20.61
20200107,3041,1110928,586,19216490,17.5,17.6,17.1,17.2,0.15,17.15,71,17.2,18,0.0
20200107,3042,3465414,2341,161697182,47.1,47.5,46.05,46.7,0.0,46.7,20,46.75,8,22.24
20200107,3043,145238,50,244073,1.67,1.71,1.67,1.71,0.04,1.71,1,1.73,10,3.56
20200107,3044,2526990,1706,303176120,123.0,123.5,119.0,119.5,3.5,119.5,3,120.0,342,10.76
20200107,3045,11932990,3839,1308443900,110.5,111.0,109.0,109.5,1.0,109.5,1056,110.0,695,24.28
20200107,3046,17167,18,286578,16.65,16.8,16.6,16.6,0.05,16.6,1,16.8,6,72.17
20200107,3047,707186,262,7260405,10.3,10.35,10.2,10.25,0.0,10.25,41,10.3,25,17.67
20200107,3048,886607,533,16676158,19.0,19.1,18.7,18.8,0.2,18.8,50,18.85,43,11.6
20200107,3049,16543942,3568,225948054,13.55,13.85,13.45,13.6,0.3,13.6,255,13.65,67,14.32
20200107,3050,676014,213,7671457,11.45,11.5,11.3,11.35,0.1,11.35,15,11.4,13,12.75
20200107,3051,126152,29,388118,3.09,3.1,3.06,3.1,0.01,3.08,8,3.12,1,0.0
20200107,3052,610938,169,7331401,12.05,12.05,11.95,12.05,0.05,12.0,47,12.05,35,0.0
20200107,3054,30002,25,818604,27.9,27.9,27.0,27.6,0.15,27.5,1,27.6,9,131.43
20200107,3055,255254,137,7898673,31.15,31.2,30.7,31.0,0.05,30.95,2,31.0,1,387.5
20200107,3056,1598099,900,50955380,32.0,32.45,31.55,31.75,0.1,31.75,4,31.8,7,17.16
20200107,3057,192459,79,1433558,7.39,7.63,7.38,7.45,0.02,7.42,11,7.45,1,0.0
20200107,3058,62010,39,440241,7.16,7.16,7.06,7.12,0.02,7.07,1,7.12,3,0.0
20200107,3059,571821,330,13324913,23.45,23.8,23.2,23.2,0.3,23.15,14,23.2,1,61.05
20200107,3060,395475,232,5142920,13.1,13.2,12.9,13.0,0.15,12.95,13,13.0,2,0.0
20200107,3062,2103510,917,36986946,17.95,17.95,17.4,17.55,0.25,17.55,3,17.6,6,65.0
20200107,3090,3496293,2060,180038285,52.8,52.8,50.7,51.3,1.2,51.2,1,51.3,19,12.7
20200107,3094,989619,593,18542045,18.5,19.4,18.15,19.0,1.15,19.0,14,19.1,11,51.35
20200107,3130,12445,17,1960475,155.5,158.0,155.5,158.0,2.0,157.5,4,158.0,1,19.04
20200107,3149,223246,111,2020724,9.07,9.1,9.03,9.05,0.04,9.04,2,9.06,2,0.0
20200107,3164,41000,28,1006300,24.65,24.65,24.4,24.6,0.0,24.35,6,24.6,7,25.36
20200107,3167,223730,166,9316161,42.2,42.3,41.25,41.45,1.0,41.45,5,41.7,2,16.19
20200107,3189,6447500,3475,311300599,49.45,49.85,47.7,47.95,1.15,47.95,66,48.0,1,0.0
20200107,3209,401459,219,8205510,20.45,20.55,20.35,20.4,0.05,20.35,29,20.4,9,13.97
20200107,3229,46200,36,589720,12.85,13.0,12.7,12.75,0.1,12.7,11,12.8,7,0.0
20200107,3231,10600452,3742,300270368,28.0,28.5,28.0,28.5,0.5,28.45,12,28.5,534,13.32
20200107,3257,93001,75,5371257,58.0,58.0,57.1,57.7,0.3,57.7,2,58.0,1,56.57
20200107,3266,28579,25,438750,15.4,15.4,15.3,15.35,0.0,15.3,1,15.35,3,35.7
20200107,3296,14000,12,205550,14.8,14.8,14.6,14.75,0.05,14.55,2,14.75,10,14.9
20200107,3305,190168,122,4643190,24.5,24.75,24.3,24.3,0.2,24.3,15,24.4,1,15.78
20200107,3308,85165,41,544341,6.78,6.78,6.06,6.11,0.24,6.11,3,6.22,4,0.0
20200107,3311,71827,74,1871935,26.1,26.15,26.0,26.05,0.0,26.1,2,26.15,2,0.0
20200107,3312,449868,256,7196491,16.1,16.1,15.9,15.95,0.1,15.95,56,16.0,6,12.86
20200107,3321,1445645,559,20428203,14.1,14.3,13.95,14.2,0.15,14.2,14,14.25,3,0.0
20200107,3338,7537925,5333,698454586,93.6,94.5,91.3,91.9,0.3,91.9,5,92.0,15,29.17
20200107,3346,91668,70,2755804,30.2,30.25,29.95,30.0,0.1,29.95,6,30.0,1,33.33
20200107,3356,160736,142,4656204,29.3,29.4,28.8,28.9,0.35,28.85,16,28.9,4,42.5
20200107,3376,1532134,916,197067850,130.0,131.0,127.0,129.5,0.5,129.0,55,129.5,14,17.79
20200107,3380,1656700,815,36979715,22.5,22.65,22.1,22.2,0.25,22.2,129,22.25,14,41.89
20200107,3383,14350,9,61183,4.44,4.44,4.21,4.21,0.0,4.21,1,4.29,2,0.0
20200107,3406,14001882,10858,7872503802,584.0,584.0,536.0,561.0,10.0,560.0,64,563.0,1,31.18
20200107,3413,1273575,1037,226406275,181.0,182.5,175.0,176.5,4.5,176.5,12,177.0,4,24.89
20200107,3416,28000,23,1536500,55.3,55.3,54.7,55.2,0.2,54.8,3,55.2,2,15.55
20200107,3419,749200,378,13043170,17.7,17.8,17.15,17.2,0.5,17.2,34,17.25,9,0.0
20200107,3432,13000,9,170500,13.2,13.2,13.05,13.15,0.1,13.05,6,13.15,9,12.06
20200107,3437,587327,378,10054054,17.2,17.35,16.9,17.15,0.05,17.15,14,17.2,1,0.0
20200107,3443,978601,833,234788538,243.5,243.5,238.0,238.5,2.5,238.5,2,239.0,4,50.32
20200107,3450,7870789,5259,514878336,66.0,67.1,64.0,64.7,1.8,64.7,33,64.8,12,32.35
20200107,3454,304128,246,27357127,90.7,91.5,89.1,89.6,1.0,89.6,1,89.7,1,22.57
20200107,3481,221972164,24463,1840718591,8.24,8.41,8.17,8.38,0.28,8.37,69,8.38,683,0.0
20200107,3494,296300,88,1437230,4.99,4.99,4.78,4.85,0.06,4.8,5,4.85,1,0.0
20200107,3501,88080,75,4382900,49.85,49.95,49.65,49.75,0.1,49.7,11,49.8,1,10.3
20200107,3504,895103,678,71215365,80.5,81.1,78.2,79.0,0.9,79.0,8,79.1,2,154.9
20200107,3515,1037255,805,82119441,79.1,79.9,78.1,78.3,0.4,78.3,5,78.8,1,18.82
20200107,3518,1251456,821,44793859,36.6,37.5,34.8,35.1,1.45,35.1,34,35.2,3,0.0
20200107,3528,124156,87,4632466,37.85,37.85,37.05,37.5,0.35,37.2,2,37.4,1,14.53
20200107,3530,5250418,3839,567087598,112.5,114.5,103.0,104.5,8.0,104.5,38,105.0,2,46.65
20200107,3532,732649,512,82711688,113.5,115.0,111.0,113.0,0.0,112.5,16,113.0,7,13.28
20200107,3533,878212,685,275388704,319.0,319.0,309.0,316.5,0.5,315.5,1,316.5,1,16.74
20200107,3535,658006,342,14546082,22.4,22.4,22.0,22.15,0.0,22.15,23,22.2,5,7.61
20200107,3536,118200,37,491760,4.1,4.5,4.1,4.35,0.17,4.15,1,4.3,5,0.0
20200107,3545,3149801,1171,71404137,22.95,23.15,22.45,22.65,0.25,22.65,4,22.7,13,0.0
20200107,3550,79000,48,1143150,14.5,14.55,14.45,14.45,0.15,14.45,9,14.5,3,28.9
20200107,3557,244934,196,9409910,38.15,38.8,38.15,38.55,0.4,38.5,5,38.6,1,68.84
20200107,3563,1870591,1804,734863172,403.5,407.5,379.0,392.0,9.0,392.0,1,392.5,1,15.05
20200107,3576,6836432,1724,50625587,7.49,7.5,7.36,7.39,0.05,7.39,29,7.4,93,0.0
20200107,3583,918045,629,57339660,64.0,64.2,61.8,62.0,1.7,61.9,15,62.0,3,10.88
20200107,3588,643152,421,19863638,30.3,32.0,30.05,31.65,1.15,31.65,1,31.7,13,90.43
20200107,3591,126484,76,1603621,12.8,12.8,12.55,12.7,0.15,12.7,3,12.75,1,0.0
20200107,3593,50006,47,422318,8.2,8.54,8.2,8.5,0.05,8.41,10,8.5,2,0.0
20200107,3596,2872704,2126,258245460,91.3,91.6,88.6,89.8,1.3,89.8,21,89.9,19,13.92
20200107,3605,2305354,1294,69365320,30.5,30.85,29.7,29.7,0.7,29.7,39,29.8,9,11.56
20200107,3607,112001,44,1889366,17.0,17.0,16.8,16.8,0.0,16.8,14,16.85,5,0.0
20200107,3617,193100,160,21159749,111.5,111.5,108.5,110.0,0.5,110.0,2,110.5,6,13.55
20200107,3622,395848,236,8404230,21.6,21.8,21.0,21.0,0.45,20.95,11,21.0,3,33.33
20200107,3645,1178404,818,59703399,52.2,52.2,49.9,50.0,1.8,50.0,90,50.1,2,35.97
20200107,3653,6273732,5033,1402633520,236.5,237.5,213.5,226.0,11.0,226.0,10,227.0,13,39.24
20200107,3661,4371649,3303,984152199,233.0,233.5,220.0,222.0,9.0,222.0,30,222.5,2,60.16
20200107,3665,5073556,3710,1160986880,227.0,232.0,225.0,231.0,6.5,230.5,17,231.0,10,15.19
20200107,3669,119000,67,1966000,16.45,16.65,16.4,16.55,0.2,16.5,2,16.55,5,33.78
20200107,3673,2403170,1554,132457984,55.6,56.3,54.4,54.7,0.9,54.7,4,54.8,2,44.47
20200107,3679,106600,96,7296699,69.3,69.5,67.1,69.0,0.3,69.0,1,69.1,2,13.09
20200107,3682,18851333,4204,133287817,7.05,7.16,7.0,7.09,0.07,7.09,206,7.1,52,0.0
20200107,3686,84775,52,349165,4.11,4.17,4.09,4.16,0.04,4.15,1,4.16,2,0.0
20200107,3694,116000,66,2037100,17.8,17.8,17.5,17.6,0.2,17.6,2,17.7,1,0.0
20200107,3698,1121654,559,19999940,17.8,17.95,17.7,17.9,0.2,17.85,28,17.9,31,0.0
20200107,3701,17498,35,242689,13.75,13.95,13.75,13.95,0.05,13.65,7,13.85,5,18.6
20200107,3702,3284167,1482,126837206,38.85,38.9,38.35,38.45,0.4,38.45,39,38.5,25,11.44
20200107,3702A,80830,57,4179208,51.7,51.8,51.7,51.7,0.0,51.7,108,51.8,79,0.0
20200107,3703,599720,208,7867695,13.05,13.25,13.05,13.05,0.0,13.05,114,13.1,1,24.62
20200107,3704,1962400,902,38001189,19.8,19.85,19.15,19.2,0.4,19.2,169,19.3,13,34.29
20200107,3705,123205,97,5231288,42.5,42.5,42.4,42.4,0.1,42.4,10,42.5,21,16.63
20200107,3706,3376671,1262,96417932,28.75,28.75,28.45,28.55,0.05,28.55,303,28.6,185,11.9
20200107,3708,669270,567,53998885,82.1,82.1,79.9,80.7,0.9,80.6,1,80.7,3,9.61
20200107,3711,8119366,3636,637414380,79.0,79.4,78.0,78.7,0.0,78.7,101,78.8,46,21.04
20200107,3712,264307,176,5307197,20.1,20.2,20.05,20.05,0.0,20.05,26,20.1,1,0.0
20200107,4104,166954,165,8867362,53.2,53.3,53.0,53.1,0.0,53.1,16,53.2,7,13.31
20200107,4106,48882,39,1171040,24.25,24.25,23.9,24.0,0.1,23.9,1,24.0,4,23.3
20200107,4108,105180,81,1853063,17.6,17.7,17.55,17.55,0.05,17.55,12,17.6,2,0.0
20200107,4119,744541,576,76593723,104.5,105.5,101.5,102.0,2.5,102.0,32,102.5,17,13.69
20200107,4133,24050,21,615795,25.7,25.7,25.55,25.55,0.15,25.55,1,25.6,4,94.63
20200107,4137,493329,397,114924157,235.0,236.0,231.0,232.5,2.0,232.0,22,232.5,3,13.45
20200107,4141,58794,37,843498,14.4,14.45,14.3,14.3,0.1,14.35,1,14.4,22,0.0
20200107,4142,4388827,1708,109107884,24.85,25.1,24.5,24.6,0.1,24.6,60,24.65,3,0.0
20200107,4144,59040,45,1695264,28.9,28.9,28.45,28.8,0.05,28.6,2,28.8,6,26.92
20200107,4148,159010,122,7042592,45.2,45.25,43.8,43.9,0.9,43.9,9,44.1,1,44.8
20200107,4155,392622,266,12549453,32.75,32.95,31.55,31.55,1.0,31.55,118,31.7,15,17.53
20200107,4164,452300,192,17827855,39.9,39.9,39.2,39.3,0.25,39.3,15,39.45,1,13.74
20200107,4190,1360220,920,163309729,125.0,125.0,116.5,121.5,3.5,121.0,5,121.5,13,16.35
20200107,4306,824066,442,9997051,12.25,12.3,12.0,12.05,0.25,12.05,26,12.1,34,28.02
20200107,4414,1434104,686,17129137,11.75,12.05,11.75,12.0,0.25,11.95,280,12.0,50,0.0
20200107,4426,410986,315,18969906,46.55,47.0,45.6,46.0,0.5,46.0,9,46.1,2,18.62
20200107,4438,83251,87,12496150,150.5,150.5,149.5,150.0,0.0,149.5,16,150.0,1,15.32
20200107,4439,110133,85,19068440,170.0,176.0,170.0,175.5,5.5,173.5,2,176.0,7,18.67
20200107,4526,98113,75,1651545,16.95,16.95,16.75,16.85,0.05,16.85,1,16.9,4,19.59
20200107,4532,252776,143,5789819,22.95,22.95,22.85,22.9,0.05,22.9,30,22.95,4,14.59
20200107,4536,125000,105,16952000,137.5,137.5,134.5,136.0,0.5,135.5,3,136.0,6,12.81
20200107,4540,358300,261,17921250,51.0,51.0,49.45,49.6,0.9,49.6,2,49.95,1,69.86
20200107,4545,22600,20,556100,25.1,25.1,24.4,24.7,0.05,24.65,1,24.75,6,91.48
20200107,4551,395230,327,67714060,172.5,174.0,169.5,171.0,1.5,170.5,15,171.5,3,22.71
20200107,4552,500768,339,20457480,41.6,41.7,40.1,40.5,1.1,40.5,7,40.55,1,10.44
20200107,4555,39000,13,1931400,49.6,49.7,49.15,49.6,0.05,49.2,1,49.75,2,45.93
20200107,4557,30000,24,2099800,70.0,70.3,69.8,70.3,0.1,70.0,2,70.5,3,12.88
20200107,4560,253405,141,13014976,51.7,51.7,51.1,51.3,0.4,51.2,1,51.3,3,12.92
20200107,4562,25000,10,600800,24.4,24.4,24.0,24.0,0.0,24.1,2,24.25,2,51.06
20200107,4564,655819,424,26762484,41.3,41.55,40.5,40.65,0.65,40.65,2,40.7,5,11.92
20200107,4566,284000,214,14023199,50.0,50.0,49.05,49.1,0.85,49.1,8,49.15,4,14.57
20200107,4571,59000,40,4040500,69.5,69.5,68.0,68.2,1.3,68.2,5,68.7,1,15.09
20200107,4572,140690,115,17531404,126.0,127.0,123.0,124.0,3.5,124.0,1,124.5,2,17.01
20200107,4576,71381,68,5892432,82.5,83.0,82.4,82.4,0.5,82.4,5,82.5,2,66.45
20200107,4720,20011,18,276300,13.8,13.85,13.75,13.8,0.0,13.8,4,13.85,5,23.79
20200107,4722,59140,45,1621884,27.5,27.6,27.2,27.45,0.05,27.4,3,27.45,3,11.25
20200107,4725,628058,256,7710042,12.4,12.45,12.2,12.2,0.2,12.2,30,12.3,13,0.0
20200107,4737,375280,289,31976295,83.8,86.0,83.8,86.0,1.7,85.8,2,86.0,15,44.1
20200107,4739,206421,184,15743673,77.5,77.7,75.4,75.8,1.2,75.8,12,75.9,1,51.92
20200107,4746,602450,463,25316058,41.7,42.65,41.45,42.0,0.1,42.0,19,42.05,4,22.11
20200107,4755,78000,64,3733500,48.25,48.4,47.5,47.55,0.7,47.5,5,47.95,1,12.45
20200107,4763,463511,377,59748419,129.5,131.0,126.5,128.5,0.5,128.0,18,128.5,3,22.16
20200107,4764,24350,32,1678350,68.8,69.5,68.6,69.0,0.2,69.0,1,69.3,1,17.0
20200107,4766,115272,109,17396708,151.0,152.0,150.5,150.5,0.5,150.0,41,150.5,2,17.5
20200107,4807,12000,11,365750,30.25,30.7,30.2,30.65,0.15,30.3,1,30.7,2,0.0
20200107,4904,2122724,1038,152693582,72.0,72.2,71.7,72.0,0.0,72.0,67,72.1,5,28.46
20200107,4906,2448974,1285,60308804,25.2,25.2,24.3,24.6,0.5,24.6,1,24.65,7,29.64
20200107,4912,22798,26,2434986,109.5,109.5,106.0,106.5,0.0,106.0,5,107.0,4,15.59
20200107,4915,2764894,1761,170443498,62.5,62.7,61.1,61.2,0.9,61.2,42,61.5,9,13.63
20200107,4916,363900,231,12135022,33.6,33.75,33.2,33.25,0.3,33.25,9,33.4,6,7.97
20200107,4919,1049783,679,48728088,46.7,46.85,46.1,46.25,0.25,46.25,30,46.45,4,17.79
20200107,4927,3473302,1789,156663819,45.8,46.05,44.45,44.7,0.95,44.7,9,44.75,11,8.16
20200107,4930,79595,38,866515,10.95,10.95,10.8,10.95,0.0,10.85,17,10.9,2,42.12
20200107,4934,7025979,1518,45583887,6.66,6.75,6.33,6.36,0.29,6.36,30,6.37,3,0.0
20200107,4935,1954005,1471,229416087,118.0,119.5,115.0,117.5,1.0,117.0,19,118.0,22,60.26
20200107,4938,8359560,4201,568889780,67.1,68.7,67.1,68.3,1.5,68.0,47,68.3,314,12.42
20200107,4942,371225,243,15042596,41.2,41.2,40.35,40.5,0.25,40.5,12,40.65,2,9.12
20200107,4943,5243746,4006,841276479,169.0,170.5,154.0,158.0,9.5,157.5,87,158.0,6,44.26
20200107,4952,187000,142,6121400,33.05,33.05,32.5,32.65,0.35,32.65,3,32.8,1,14.26
20200107,4956,164138,115,2315401,14.3,14.3,14.0,14.05,0.05,14.05,11,14.1,9,0.0
20200107,4958,10900308,7501,1448658464,140.5,142.5,129.0,131.5,10.5,131.0,171,131.5,12,13.84
20200107,4960,582385,167,4156657,7.12,7.24,7.05,7.12,0.07,7.12,130,7.15,1,0.0
20200107,4961,538400,329,19673717,36.6,36.8,36.4,36.55,0.0,36.55,46,36.6,12,18.28
20200107,4967,775500,403,23350849,30.25,30.6,29.7,30.1,0.0,30.1,5,30.15,9,38.1
20200107,4968,9044890,6819,1625196700,187.0,188.5,174.0,174.0,9.0,174.0,102,174.5,6,58.0
20200107,4976,355022,241,9615100,27.4,27.85,26.8,27.05,0.15,27.05,1,27.1,1,0.0
20200107,4977,2824795,1911,298192770,105.0,106.5,103.5,106.0,2.0,105.5,77,106.0,7,28.8
20200107,4989,219030,143,5169234,24.1,24.1,23.15,23.45,0.35,23.45,3,23.55,1,31.69
20200107,4994,231022,199,19458792,83.9,86.2,83.7,83.8,0.1,83.8,2,84.3,1,34.2
20200107,4999,103069,60,4392846,42.9,42.9,42.5,42.6,0.3,42.6,8,42.7,22,11.7
20200107,5007,79548,68,4082864,51.8,51.8,51.0,51.4,0.2,51.3,2,51.6,1,16.91
20200107,5203,331180,282,36394480,110.0,111.5,108.0,110.0,1.5,109.5,41,111.0,3,25.17
20200107,5215,706919,501,43144089,62.0,62.0,60.2,61.0,0.6,61.0,4,61.1,5,14.46
20200107,5225,294000,253,14977700,51.2,52.0,50.4,50.8,0.6,50.8,1,50.9,5,6.82
20200107,5234,193606,172,17287034,90.5,90.5,88.8,89.5,0.5,89.5,1,89.6,1,13.68
20200107,5243,452085,293,16331418,36.4,36.75,36.0,36.1,0.2,36.1,1,36.15,2,11.53
20200107,5258,318084,200,9197590,29.25,29.25,28.6,28.8,0.45,28.8,9,28.9,3,0.0
20200107,5264,528092,391,24342199,45.9,46.45,45.75,46.1,0.2,46.05,8,46.1,2,0.0
20200107,5269,670214,599,412674824,625.0,628.0,607.0,615.0,1.0,613.0,1,615.0,159,35.43
20200107,5283,974921,712,102741662,105.5,106.5,104.0,105.0,1.0,105.0,12,106.0,18,10.24
20200107,5284,46000,38,2230050,48.55,48.6,48.4,48.45,0.1,48.45,1,48.6,2,17.24
20200107,5285,1582060,1120,112314831,72.3,72.9,68.1,72.2,0.6,72.2,8,72.3,16,23.37
20200107,5288,282001,180,33028119,119.0,120.0,115.5,117.5,1.5,117.5,1,118.5,1,12.3
20200107,5305,227364,113,8996390,39.55,39.65,39.5,39.6,0.0,39.5,35,39.6,2,19.8
20200107,5388,1249801,882,93602575,75.8,76.1,74.3,74.4,1.2,74.4,25,74.5,34,18.88
20200107,5434,705121,485,72960584,104.0,105.0,102.5,104.0,0.0,103.5,21,104.0,30,11.01
20200107,5469,3574608,2163,150443740,42.85,42.85,41.55,41.8,0.5,41.8,67,41.85,1,7.53
20200107,5471,221447,142,7201872,32.65,32.7,32.35,32.6,0.05,32.55,8,32.6,1,17.25
20200107,5484,30076,24,262163,8.75,8.84,8.67,8.84,0.06,8.69,2,8.83,3,0.0
20200107,5515,216816,85,2303140,10.65,10.65,10.6,10.6,0.0,10.6,3,10.65,81,14.52
20200107,5519,1537186,416,25182730,16.35,16.5,16.3,16.4,0.05,16.4,82,16.45,172,4.98
20200107,5521,4147247,1339,37210284,9.15,9.17,8.87,8.96,0.19,8.96,3,8.97,4,0.0
20200107,5522,943104,593,38028979,40.15,40.7,40.05,40.7,0.55,40.6,4,40.7,1,13.8
20200107,5525,71468,63,1638219,23.1,23.1,22.8,22.95,0.15,22.9,2,22.95,5,8.6
20200107,5531,322728,140,3476238,10.75,10.85,10.75,10.75,0.0,10.75,42,10.85,38,0.0
20200107,5533,91746,45,1467071,15.95,16.15,15.95,16.15,0.25,15.95,2,16.15,1,36.7
20200107,5534,503683,404,41255439,82.5,82.5,81.5,81.8,0.4,81.8,14,81.9,1,8.67
20200107,5538,8001,5,257282,32.2,32.2,32.15,32.15,0.1,31.6,1,32.2,2,14.48
20200107,5607,897052,523,22748080,25.3,25.55,25.25,25.4,0.1,25.4,8,25.45,15,8.67
20200107,5608,180529,73,1445492,8.02,8.04,7.99,8.03,0.01,8.02,1,8.03,3,0.0
20200107,5706,88304,71,3566469,40.1,40.5,40.0,40.45,0.35,40.35,1,40.45,2,12.07
20200107,5871,5445314,2696,751124711,136.5,139.0,136.5,138.5,3.5,138.0,78,138.5,41,12.42
20200107,5876,2254131,1078,115406476,51.8,51.9,50.9,50.9,0.8,50.9,89,51.0,28,14.63
20200107,5880,5554129,2164,115237048,20.75,20.8,20.7,20.75,0.0,20.75,217,20.8,1250,16.47
20200107,5906,246000,183,5673800,22.95,23.45,22.4,23.35,0.9,23.35,2,23.4,1,20.3
20200107,5907,297473,150,8122257,27.3,27.45,27.2,27.2,0.15,27.2,31,27.25,2,11.29
20200107,6005,2498222,786,25975639,10.35,10.45,10.35,10.45,0.1,10.4,30,10.45,601,15.6
20200107,6024,103698,77,4455814,43.2,43.2,42.85,42.9,0.1,42.9,7,42.95,11,14.11
20200107,6108,294005,215,7526179,25.7,25.7,25.5,25.65,0.05,25.55,23,25.65,18,9.43
20200107,6112,505423,341,17051995,34.05,34.15,33.5,33.7,0.35,33.65,14,33.75,5,16.85
20200107,6115,36803,34,1607980,43.7,43.8,43.6,43.75,0.05,43.7,1,43.75,10,13.54
20200107,6116,24023934,4738,188468897,7.88,7.95,7.75,7.84,0.04,7.83,103,7.84,75,0.0
20200107,6117,66300,34,921070,13.6,14.35,13.6,14.2,0.6,13.9,2,14.2,3,0.0
20200107,6120,2375283,1104,38088004,16.1,16.3,15.8,16.15,0.05,16.15,21,16.2,12,0.0
20200107,6128,67201,53,2062660,30.75,30.8,30.6,30.7,0.05,30.7,2,30.8,13,10.66
20200107,6131,246000,32,891660,3.66,3.66,3.6,3.6,0.05,3.5,10,3.6,2,0.0
20200107,6133,34173,26,280627,8.21,8.26,8.2,8.26,0.02,8.2,31,8.26,4,27.53
20200107,6136,101207,88,2011514,19.95,19.95,19.75,19.9,0.05,19.9,6,19.95,16,28.84
20200107,6139,822935,515,25612417,31.75,31.75,30.7,31.3,0.25,31.25,1,31.3,2,11.81
20200107,6141,1740166,832,36224952,20.65,21.3,20.4,21.1,0.6,21.1,54,21.15,2,124.12
20200107,6142,377717,93,2864001,7.61,7.61,7.56,7.56,0.08,7.56,6,7.58,11,0.0
20200107,6152,195045,87,1385849,7.1,7.2,7.07,7.09,0.01,7.09,1,7.11,3,0.0
20200107,6153,7511488,3644,272237768,36.35,36.5,35.85,36.5,0.5,36.45,31,36.5,165,22.26
20200107,6155,2472332,1554,70298162,29.0,29.4,27.6,27.6,1.0,27.6,15,27.7,5,24.21
20200107,6164,114257,44,800291,7.06,7.06,6.97,7.06,0.0,7.01,2,7.06,3,0.0
20200107,6165,580180,309,10815052,18.15,19.0,18.15,18.45,0.35,18.35,6,18.45,1,0.0
20200107,6166,705523,431,33804399,48.4,48.85,47.3,47.65,0.85,47.65,10,47.85,2,23.71
20200107,6168,534271,217,6991073,13.25,13.25,12.95,13.05,0.2,13.0,40,13.1,12,21.75
20200107,6172,74407,37,1384188,18.8,18.8,18.4,18.5,0.15,18.45,7,18.55,2,45.12
20200107,6176,2360884,1316,277129252,118.0,118.5,116.5,117.0,1.0,117.0,234,117.5,23,7.9
20200107,6177,241346,168,6807759,28.2,28.35,28.1,28.35,0.15,28.2,41,28.35,12,7.46
20200107,6183,47100,45,1735855,36.9,36.95,36.75,36.8,0.15,36.8,2,36.9,1,20.44
20200107,6184,50247,40,2006880,39.9,40.05,39.85,40.05,0.05,39.9,22,40.0,2,12.29
20200107,6189,241700,187,8374814,34.7,34.75,34.6,34.7,0.1,34.65,12,34.7,9,11.68
20200107,6191,2560104,905,42322664,16.8,16.85,16.35,16.45,0.25,16.45,20,16.5,1,9.4
20200107,6192,107200,89,8594920,80.4,80.4,80.0,80.3,0.0,80.2,11,80.4,10,10.31
20200107,6196,2739597,2087,223553531,83.1,84.1,80.1,80.6,1.8,80.6,8,81.0,4,24.72
20200107,6197,941818,543,29391911,31.75,31.85,30.95,31.25,0.6,31.2,1,31.25,8,11.79
20200107,6201,31075,25,1097012,35.4,35.4,35.1,35.3,0.0,35.3,1,35.45,3,9.46
20200107,6202,198375,164,13535749,68.3,68.6,68.0,68.2,0.5,68.2,2,68.3,7,16.35
20200107,6205,17000,12,438700,25.9,25.9,25.7,25.9,0.0,25.7,9,25.95,2,14.89
20200107,6206,160302,145,11722146,74.0,74.0,72.6,73.1,0.2,73.0,1,73.1,2,14.62
20200107,6209,1262101,828,37383840,30.4,30.45,29.2,29.2,0.9,29.2,44,29.35,6,0.0
20200107,6213,5804646,4023,762736591,131.0,133.0,129.5,131.5,1.5,131.5,96,132.0,22,17.14
20200107,6214,328176,284,24410088,74.6,74.8,74.0,74.5,0.0,74.5,2,74.7,2,16.86
20200107,6215,94001,65,1459416,15.55,15.65,15.45,15.45,0.2,15.45,1,15.5,11,25.75
20200107,6216,97500,64,2708949,27.8,27.9,27.7,27.75,0.05,27.75,1,27.8,3,14.3
20200107,6224,327515,263,21790298,67.7,67.7,66.1,66.3,1.1,66.3,8,66.5,2,16.83
20200107,6225,30907,15,49414,1.6,1.61,1.6,1.6,0.0,1.6,47,1.66,3,0.0
20200107,6226,717067,229,5780883,8.19,8.19,8.0,8.0,0.15,8.0,66,8.01,2,400.0
20200107,6230,4845743,3642,1270091437,277.5,279.0,253.5,259.0,16.0,259.0,3,259.5,4,28.43
20200107,6235,338000,110,4525750,13.4,13.5,13.25,13.25,0.0,13.25,13,13.4,7,0.0
20200107,6239,4315929,2383,413854724,97.2,97.6,95.0,96.1,1.1,96.1,13,96.2,17,14.58
20200107,6243,688103,259,6970289,10.35,10.5,10.0,10.1,0.25,10.1,8,10.3,8,0.0
20200107,6251,3307195,1236,54723204,16.85,17.05,16.3,16.4,0.4,16.4,21,16.45,48,35.65
20200107,6257,3187084,1497,114619932,36.0,36.3,35.55,36.2,0.3,36.15,52,36.2,4,13.46
20200107,6269,14779812,8901,1745339504,123.0,124.5,114.5,116.5,4.0,116.5,42,117.0,183,13.48
20200107,6271,3833541,2573,562006755,151.0,152.0,144.5,144.5,6.0,144.5,36,145.0,1,30.23
20200107,6277,87278,86,7493834,86.2,86.2,85.6,85.9,0.4,85.9,1,86.0,6,8.33
20200107,6278,8139301,5378,947038314,121.0,122.0,113.0,113.5,7.5,113.5,82,114.0,1,18.07
20200107,6281,46004,26,3139976,68.4,68.4,68.1,68.3,0.1,68.1,5,68.3,2,17.34
20200107,6282,3113030,1463,74149494,24.0,24.1,23.5,23.8,0.15,23.8,9,23.85,43,8.04
20200107,6283,138055,96,4133178,29.75,30.3,29.7,29.75,0.05,29.75,1,30.0,20,135.23
20200107,6285,1454355,1034,108015478,74.6,74.8,74.0,74.5,0.2,74.4,17,74.5,5,16.7
20200107,6288,7859223,3468,211911360,27.45,27.55,26.2,27.0,0.15,26.95,35,27.0,49,24.32
20200107,6289,52000,14,44200,0.88,0.88,0.82,0.84,0.0,0.83,15,0.84,1,0.0
20200107,6405,58000,30,869800,15.0,15.0,14.95,15.0,0.0,14.95,7,15.05,4,750.0
20200107,6409,116105,108,83939020,728.0,728.0,716.0,727.0,7.0,727.0,2,728.0,2,29.2
20200107,6412,685578,409,41101380,60.8,61.0,59.5,59.8,0.8,59.8,18,60.0,7,14.24
20200107,6414,583938,521,142538714,246.5,248.5,241.0,243.0,3.0,243.0,22,244.0,2,19.71
20200107,6415,823830,809,790789500,981.0,987.0,937.0,955.0,15.0,954.0,12,961.0,2,42.84
20200107,6416,286300,214,26958419,95.4,95.5,93.4,94.3,1.0,94.3,4,94.4,1,20.32
20200107,6431,33100,27,940970,28.55,28.8,28.25,28.7,0.0,28.6,1,28.7,6,0.0
20200107,6442,18000,15,670700,37.4,37.6,37.15,37.6,0.1,37.3,2,37.55,1,28.48
20200107,6443,1314468,389,9953568,7.62,7.66,7.52,7.53,0.09,7.53,7,7.54,21,0.0
20200107,6449,696935,479,26484692,39.0,39.0,37.2,38.0,0.1,38.0,3,38.05,1,37.25
20200107,6451,6389307,4933,995928817,162.0,164.0,150.0,150.5,8.0,150.5,1,151.0,12,24.0
20200107,6452,4509953,3276,1021558566,236.0,237.0,219.0,221.5,10.0,221.0,86,221.5,3,15.63
20200107,6456,3628819,2345,387494133,108.5,108.5,106.0,107.0,2.0,106.5,39,107.0,141,9.43
20200107,6464,22244,27,2546316,114.0,115.0,114.0,115.0,1.0,114.0,1,115.0,23,21.58
20200107,6477,215200,117,5030910,23.35,23.6,23.3,23.35,0.0,23.35,16,23.4,1,9.85
20200107,6491,211310,195,37026904,177.5,177.5,174.0,175.0,3.5,174.5,6,175.5,4,20.64
20200107,6504,69230,68,9600510,140.0,141.0,137.0,137.0,2.5,136.5,2,137.0,2,19.46
20200107,6505,5045656,2962,508971320,103.0,103.0,99.1,100.0,2.0,100.0,44,100.5,112,37.31
20200107,6525,217410,175,14424365,66.8,66.9,65.9,66.2,0.0,66.2,11,66.3,4,12.71
20200107,6531,1682324,1351,148069901,87.1,89.6,85.5,89.0,2.6,88.7,2,89.0,20,0.0
20200107,6533,715466,573,90908914,130.5,130.5,125.0,126.0,3.0,126.0,33,127.0,8,117.76
20200107,6541,225050,159,9617850,42.65,43.1,42.35,42.5,0.15,42.45,3,42.5,1,0.0
20200107,6552,451320,361,35686600,80.2,80.2,78.8,78.9,0.6,78.9,9,79.0,2,13.79
20200107,6558,1013730,758,70563612,70.6,71.2,69.1,69.7,0.9,69.6,24,69.7,3,30.44
20200107,6573,66224,60,1604920,24.15,24.75,24.0,24.1,0.1,24.0,5,24.1,1,0.0
20200107,6579,34000,32,2461900,72.6,72.7,72.0,72.7,0.2,72.2,6,72.7,6,24.48
20200107,6581,24226,27,2014847,83.3,83.4,83.0,83.0,0.2,83.1,2,83.4,1,14.56
20200107,6582,53000,14,3046500,57.9,57.9,57.3,57.7,0.3,57.5,4,57.7,2,12.02
20200107,6591,1226660,927,71344000,59.9,60.1,56.8,58.0,1.0,57.9,1,58.0,5,20.49
20200107,6592,2703512,2023,230621413,85.6,86.2,84.9,85.1,0.5,85.1,70,85.2,5,15.59
20200107,6605,77000,57,4476800,58.2,58.3,57.9,58.3,0.1,58.2,5,58.3,7,11.8
20200107,6625,16000,10,752450,47.1,47.35,46.95,47.35,0.0,46.95,1,47.3,1,0.0
20200107,6641,54074,38,3760171,70.3,70.3,69.1,69.8,0.5,69.6,2,69.9,5,11.01
20200107,6655,17000,15,706200,41.65,41.65,41.5,41.5,0.35,41.35,2,41.6,2,18.95
20200107,6666,58400,60,10120700,174.0,174.0,172.0,173.0,3.0,173.0,16,174.0,1,16.56
20200107,6668,1973235,1374,177051103,91.9,92.6,87.0,89.8,1.1,89.8,10,90.0,1,70.16
20200107,6669,771847,738,489074610,639.0,642.0,623.0,627.0,5.0,627.0,2,632.0,2,19.9
20200107,6670,1335566,1075,248103860,185.0,189.0,183.0,183.5,1.0,183.5,2,184.0,13,11.93
20200107,6671,26000,21,967450,37.4,37.4,37.0,37.0,0.4,37.0,8,37.05,3,13.96
20200107,6672,841000,684,77017700,93.1,93.3,90.3,91.3,1.3,91.3,1,91.6,1,15.12
20200107,6674,59000,40,1680300,28.7,28.75,28.15,28.2,0.9,28.2,4,28.8,1,41.47
20200107,6698,730720,521,62923484,85.6,88.0,84.3,87.2,1.8,87.2,13,87.4,2,28.78
20200107,6706,2362187,1866,304393123,130.0,132.0,125.0,130.0,4.0,129.5,2,130.0,66,20.19
20200107,6715,194400,166,17205019,89.9,89.9,88.0,88.3,1.1,88.3,1,88.4,1,20.07
20200107,8011,618624,336,10464986,16.9,17.25,16.75,17.05,0.15,17.0,7,17.05,12,0.0
20200107,8016,1846189,1396,309162252,165.0,169.0,165.0,168.0,3.0,167.5,2,168.0,37,17.82
20200107,8021,1243962,667,27365414,22.55,22.65,21.65,21.9,0.6,21.9,37,22.0,6,13.69
20200107,8028,3682088,2433,255211260,70.1,70.6,68.5,69.1,1.2,69.1,14,69.2,8,26.17
20200107,8033,223424,108,2192177,9.78,9.98,9.75,9.8,0.05,9.8,9,9.85,4,0.0
20200107,8039,5756285,3328,286692273,50.5,51.1,48.8,50.8,0.3,50.7,10,50.8,18,16.33
20200107,8046,7259600,3732,329904790,45.15,45.9,44.9,45.4,0.85,45.35,12,45.4,2,100.89
20200107,8070,166340,153,28503640,174.0,174.0,170.5,171.0,1.5,170.5,34,171.0,1,9.48
20200107,8072,28200,16,569379,20.15,20.25,20.15,20.2,0.05,20.2,3,20.3,5,0.0
20200107,8081,1773260,1466,215743586,126.0,126.0,120.0,120.5,4.5,120.5,72,121.0,20,15.14
20200107,8101,1081870,498,6716321,6.06,6.29,6.06,6.25,0.25,6.24,34,6.26,20,0.0
20200107,8103,90892,64,2404046,26.55,26.9,26.35,26.35,0.2,26.35,9,26.4,1,10.8
20200107,8104,849290,559,45511530,55.3,55.3,52.8,53.5,1.5,53.5,1,53.9,2,27.16
20200107,8105,4240698,1320,59297660,14.15,14.15,13.8,13.8,0.25,13.8,35,13.85,12,14.53
20200107,8110,1922797,453,21201886,11.15,11.25,10.9,11.05,0.1,11.05,3,11.1,15,46.04
20200107,8112,3003268,1635,92587424,30.65,31.0,30.6,30.9,0.15,30.9,21,30.95,28,9.36
20200107,8114,53101,46,5572654,105.5,105.5,104.5,105.0,0.5,104.5,15,105.0,2,17.5
20200107,8131,771000,467,28336000,37.2,37.45,36.4,36.85,0.15,36.8,2,36.85,9,13.7
20200107,8150,4116071,2265,135485254,33.45,33.65,32.6,32.7,0.7,32.7,147,32.75,11,9.26
20200107,8163,5665703,3490,247845937,44.9,44.9,42.85,43.15,0.85,43.15,7,43.2,15,11.95
20200107,8201,25022,22,275242,11.0,11.1,10.95,11.1,0.0,11.05,2,11.1,2,0.0
20200107,8210,770219,685,67295481,88.1,88.7,86.0,88.3,0.2,88.3,3,88.4,5,11.88
20200107,8213,838454,505,29862479,35.8,35.9,35.5,35.65,0.15,35.6,11,35.65,9,7.6
20200107,8215,2233448,981,40596914,18.4,18.5,18.05,18.05,0.3,18.05,204,18.15,14,18.42
20200107,8222,48001,26,877219,18.35,18.45,18.2,18.3,0.05,18.3,1,18.35,3,21.28
20200107,8249,223502,133,5159395,23.45,23.45,22.9,23.05,0.1,23.05,4,23.1,9,11.7
20200107,8261,330355,243,9415882,28.75,28.8,28.2,28.55,0.1,28.55,1,28.6,3,27.72
20200107,8271,2187906,1450,91794602,43.0,43.1,41.35,42.0,0.75,42.0,11,42.05,1,12.39
20200107,8341,158079,319,37395802,239.0,239.0,234.5,236.5,3.0,236.0,7,236.5,2,26.48
20200107,8367,195000,121,5276050,27.5,27.55,26.75,27.15,0.35,27.15,1,27.4,2,13.99
20200107,8374,120001,72,2653971,22.2,22.25,21.95,22.05,0.25,22.05,7,22.2,4,0.0
20200107,8404,532062,345,23588122,44.55,44.85,43.9,43.95,0.6,43.95,9,44.35,6,31.17
20200107,8411,173299,70,2742123,15.7,16.05,15.7,15.9,0.05,15.8,5,15.9,20,0.0
20200107,8422,132101,143,20562357,156.0,156.5,155.0,156.0,0.5,155.5,1,156.0,39,15.03
20200107,8427,20000,18,964300,48.6,48.6,48.0,48.55,0.05,48.0,1,48.6,3,30.53
20200107,8429,272542,113,3188792,11.8,11.8,11.65,11.75,0.05,11.7,4,11.75,27,10.68
20200107,8442,248000,55,13536000,54.9,54.9,53.8,54.0,0.9,54.0,2,54.3,1,11.84
20200107,8443,40000,31,450350,11.2,11.3,11.2,11.3,0.1,11.3,2,11.35,4,0.0
20200107,8454,101109,92,29281373,290.0,291.5,287.5,291.0,1.0,289.5,1,291.5,2,29.45
20200107,8462,266041,486,51241410,195.0,196.0,191.0,192.0,2.5,191.5,7,192.0,3,25.67
20200107,8463,478000,320,20163250,43.55,43.55,41.95,41.95,0.85,41.95,14,42.05,3,59.93
20200107,8464,305160,263,83810419,275.5,276.0,272.5,272.5,2.0,272.5,10,274.0,1,18.5
20200107,8466,25125,24,1743312,69.4,69.8,69.1,69.1,0.3,69.1,2,69.4,10,10.01
20200107,8467,11000,9,719200,65.2,65.8,65.1,65.1,0.1,65.1,2,65.6,2,22.14
20200107,8473,18000,13,888950,49.4,49.5,49.3,49.4,0.0,49.3,3,49.4,2,22.15
20200107,8478,23000,23,994700,43.2,43.5,43.05,43.45,0.3,43.45,1,43.6,1,15.41
20200107,8480,19170,22,2584780,135.5,135.5,134.0,134.0,1.5,133.0,4,134.0,1,16.67
20200107,8481,10000,10,592800,59.7,59.7,58.9,58.9,0.6,58.8,1,59.5,7,16.83
20200107,8482,111014,46,15328446,137.0,138.5,137.0,138.0,1.0,138.0,3,138.5,1,15.7
20200107,8488,21000,15,353700,16.75,16.9,16.75,16.85,0.1,16.55,1,16.8,2,25.53
20200107,8497,10000,10,543700,54.5,54.6,54.1,54.1,0.2,54.1,2,54.3,1,11.04
20200107,8499,113800,101,11826499,105.0,105.5,103.5,103.5,1.0,103.5,7,104.0,1,10.92
20200107,8926,565861,283,16869439,29.8,29.85,29.75,29.85,0.05,29.8,19,29.85,31,23.14
20200107,8940,35000,21,402650,11.5,11.75,11.45,11.5,0.0,11.45,11,11.55,3,0.0
20200107,8996,11575259,7567,728404317,60.5,65.1,60.3,64.5,4.6,64.3,1,64.5,38,32.41
20200107,9103,10073000,630,17253250,1.72,1.72,1.64,1.72,0.15,1.72,5739,,0,0.0
20200107,910322,16000,15,414450,25.5,26.0,25.5,25.95,0.0,25.9,1,26.0,10,0.0
20200107,910482,234470,21,63640,0.27,0.28,0.26,0.28,0.02,0.28,93,,0,0.0
20200107,9105,1016803,311,3099367,3.06,3.08,3.02,3.05,0.01,3.05,80,3.06,27,0.0
20200107,910861,1000,1,7820,7.82,7.82,7.82,7.82,0.11,7.81,1,7.99,2,0.0
20200107,9110,12000,7,21850,1.84,1.84,1.81,1.82,0.04,1.76,1,1.82,3,0.0
20200107,911608,358000,63,397170,1.05,1.12,1.05,1.12,0.1,1.12,10,,0,0.0
20200107,911616,2924100,444,4245719,1.45,1.49,1.39,1.49,0.13,1.48,14,1.49,278,0.0
20200107,911622,5000,4,44170,8.89,8.89,8.82,8.82,0.0,8.8,2,9.78,1,0.0
20200107,911868,20000,4,21810,1.09,1.1,1.09,1.1,0.02,1.09,45,1.1,4,0.0
20200107,912000,32500,9,67730,2.04,2.2,2.04,2.06,0.02,2.05,1,2.19,13,0.0
20200107,912398,0,0,0,,,,,0.0,3.7,1,3.78,5,0.0
20200107,9136,8000,6,61940,7.77,7.77,7.73,7.76,0.0,7.72,3,7.76,5,0.0
20200107,9188,94000,24,302030,3.21,3.23,3.21,3.23,0.02,3.21,24,3.23,14,0.0
20200107,9802,9084429,6053,1267058770,136.0,145.0,128.5,130.0,6.0,130.0,13,130.5,10,20.22
20200107,9902,283032,110,2917227,10.35,10.45,10.25,10.35,0.05,10.3,1,10.4,22,24.64
20200107,9904,3732016,1757,146510471,39.3,39.45,39.1,39.2,0.1,39.2,83,39.25,13,8.5
20200107,9905,55090,45,1343263,24.4,24.45,24.35,24.4,0.0,24.35,17,24.4,15,16.05
20200107,9906,478753,295,10827126,21.2,23.1,20.95,23.1,2.1,23.1,8,,0,0.0
20200107,9907,664467,317,7733386,11.7,11.7,11.6,11.65,0.0,11.6,138,11.65,150,24.27
20200107,9908,91395,70,2898120,32.15,32.15,31.45,31.55,0.25,31.6,2,31.75,1,20.1
20200107,9910,664515,502,129697425,194.5,196.0,194.0,195.0,0.5,195.0,153,195.5,4,22.23
20200107,9911,336627,277,15750039,47.15,47.15,46.6,46.95,0.2,46.9,4,47.0,7,12.66
20200107,9912,20486,23,169882,8.32,8.32,8.19,8.3,0.02,8.2,1,8.3,3,0.0
20200107,9914,354596,250,62046000,172.5,176.5,172.5,175.5,0.5,175.5,40,176.0,1,21.86
20200107,9917,239109,204,20936092,88.0,88.0,87.3,87.6,0.1,87.5,7,87.7,1,18.06
20200107,9918,29271,32,1004152,34.2,34.5,34.05,34.5,0.3,34.15,2,34.45,1,24.3
20200107,9919,3575615,1428,40723248,11.75,11.75,11.15,11.5,0.35,11.4,7,11.5,3,0.0
20200107,9921,824812,653,166557524,202.0,204.0,200.5,201.5,0.0,201.5,24,202.0,14,21.28
20200107,9924,198275,160,8657071,43.9,43.9,43.5,43.7,0.1,43.65,7,43.7,1,9.42
20200107,9925,52307,44,1956611,37.4,37.5,37.3,37.4,0.0,37.35,14,37.4,4,18.61
20200107,9926,19642,21,825272,41.9,42.15,41.9,42.15,0.15,41.75,1,42.15,1,20.07
20200107,9927,115491,80,3765378,32.8,32.8,32.5,32.55,0.1,32.5,42,32.55,4,14.4
20200107,9928,123282,35,597590,4.9,5.0,4.75,5.0,0.09,4.9,10,5.0,9,0.0
20200107,9929,66102,14,853345,12.5,12.95,12.5,12.95,0.05,12.65,1,12.95,6,0.0
20200107,9930,75433,74,3778679,50.1,50.2,50.0,50.1,0.0,50.1,1,50.2,1,13.99
20200107,9931,18000,13,647600,35.95,36.0,35.95,36.0,0.05,35.7,6,35.9,2,19.25
20200107,9933,2062429,1391,76678531,37.35,37.5,37.0,37.05,0.3,37.0,166,37.05,8,26.85
20200107,9934,1125601,434,19935546,17.85,17.85,17.55,17.8,0.05,17.7,22,17.8,18,9.42
20200107,9935,1144286,790,44909382,40.05,40.5,38.5,38.8,1.2,38.8,4,38.9,2,23.95
20200107,9937,71675,64,3266512,45.5,45.7,45.0,45.7,0.2,45.0,6,45.7,9,19.2
20200107,9938,3127808,2233,270179543,87.4,88.0,84.8,85.7,1.1,85.6,3,85.7,9,16.58
20200107,9939,774641,431,48000118,62.2,62.3,61.8,61.9,0.3,61.8,20,61.9,58,14.92
20200107,9940,145547,111,4611101,31.7,31.8,31.55,31.65,0.1,31.6,10,31.65,20,12.71
20200107,9941,290835,290,33442929,114.5,115.5,114.0,115.5,1.5,115.0,36,115.5,68,15.55
20200107,9941A,4787,5,258539,54.0,54.1,54.0,54.1,0.0,53.9,10,54.2,4,0.0
20200107,9942,158000,106,10969200,69.4,70.1,69.1,70.1,0.8,69.3,4,70.1,10,13.75
20200107,9943,319866,249,22616933,71.1,71.2,70.4,70.5,0.6,70.5,16,70.6,9,12.03
20200107,9944,96070,66,1701567,17.75,17.8,17.5,17.65,0.15,17.6,15,17.85,3,0.0
20200107,9945,1608616,837,71710861,44.7,44.75,44.5,44.6,0.0,44.55,17,44.6,29,4.11
20200107,9946,2433448,1137,66740889,27.0,27.65,26.95,27.6,0.7,27.55,13,27.6,39,5.61
20200107,9955,3041371,1562,63056660,21.2,21.35,20.15,20.75,0.8,20.75,29,20.8,3,129.69
20200107,9958,2442150,1538,172117210,71.2,71.5,70.0,70.3,0.8,70.2,56,70.3,2,24.33
